Category,Country,off_country_id,country code,category_exists_in_taxonomy,Is_needed_a_recipe ? Mano,Hunger Games link,code,Scan & photo a new one,Contributor name
en:cooked-meats,Austria,en:austria,at,1,Yes,Categorize existing one,4099200042848,To do,
en:salted-dried-cod,Estonia,en:estonia,ee,1,Yes,Categorize existing one,,To do,
en:sandwiches,United Kingdom,en:united-kingdom,uk,1,Yes,Categorize existing one,5022824240061,To do,
en:sandwiches,Netherlands,en:netherlands,nl,1,Yes,Categorize existing one,2260502003505,To do,
en:ales,Greece,en:greece,el,1,Yes,Categorize existing one,8712000014223,To do,
en:beers,Spain,en:spain,es,1,Yes,Categorize existing one,8411327002745,To do,
en:beers,Czech Republic,en:czech-republic,cs,1,Yes,Categorize existing one,8586001761994,To do,
en:beers,Portugal,en:portugal,pt,1,Yes,Categorize existing one,56002621,To do,
en:beers,Latvia,en:latvia,lv,1,Yes,Categorize existing one,4751030990118,To do,
en:beers,Austria,en:austria,at,1,Yes,Categorize existing one,90031977,To do,
en:beers,Bulgaria,en:bulgaria,bg,1,Yes,Categorize existing one,3800052314110,To do,
en:beers,Italy,en:italy,it,1,Yes,Categorize existing one,8001435500013,To do,
en:beers,Lithuania,en:lithuania,lt,1,Yes,Categorize existing one,75013769,To do,
en:beers,Slovakia,en:slovakia,sk,1,Yes,Categorize existing one,8594404110110,To do,
en:beers,France,en:france,fr,1,Yes,Categorize existing one,3080216043807,To do,
en:beers-with-fruits,France,en:france,fr,1,Yes,Categorize existing one,3080216048543,To do,
en:non-alcoholic-beers,Luxembourg,en:luxembourg,lu,1,Yes,Categorize existing one,5410263929386,To do,
en:non-alcoholic-beers,Spain,en:spain,es,1,Yes,Categorize existing one,8411327002745,To do,
en:non-alcoholic-beers,Slovakia,en:slovakia,sk,1,Yes,Categorize existing one,8586001763967,To do,
en:non-alcoholic-beers,Ireland,en:ireland,ie,1,Yes,Categorize existing one,5021812005583,To do,
en:non-alcoholic-beers,Switzerland,en:switzerland,ch,1,Yes,Categorize existing one,7612900346633,To do,
en:non-alcoholic-beers,Germany,en:germany,de,1,Yes,Categorize existing one,4008948194016,To do,
en:non-alcoholic-beers,Netherlands,en:netherlands,nl,1,Yes,Categorize existing one,8712000058616,To do,
en:non-alcoholic-beers,Belgium,en:belgium,be,1,Yes,Categorize existing one,4101010011508,To do,
en:non-alcoholic-beers,Hungary,en:hungary,hu,1,Yes,Categorize existing one,5998818174448,To do,
en:non-alcoholic-beers,Czech Republic,en:czech-republic,cs,1,Yes,Categorize existing one,8594404024158,To do,
en:light-beers,Austria,en:austria,at,1,Yes,Categorize existing one,,To do,
en:light-beers,Finland,en:finland,fi,1,Yes,Categorize existing one,,To do,
en:light-beers,Latvia,en:latvia,lv,1,Yes,Categorize existing one,,To do,
en:light-beers,Lithuania,en:lithuania,lt,1,Yes,Categorize existing one,,To do,
en:light-beers,Slovenia,en:slovenia,sv,1,Yes,Categorize existing one,,To do,
en:industrial-beer,Belgium,en:belgium,be,1,Yes,Categorize existing one,5410228214939,To do,
en:industrial-beer,Denmark,en:denmark,dk,1,Yes,Categorize existing one,5740700992636,To do,
en:industrial-beer,Netherlands,en:netherlands,nl,1,Yes,Categorize existing one,7501064191466,To do,
en:industrial-beer,Croatia,en:croatia,hr,1,Yes,Categorize existing one,,To do,
en:industrial-beer,Estonia,en:estonia,ee,1,Yes,Categorize existing one,,To do,
en:industrial-beer,Finland,en:finland,fi,1,Yes,Categorize existing one,,To do,
en:industrial-beer,Germany,en:germany,de,1,Yes,Categorize existing one,,To do,
en:industrial-beer,Ireland,en:ireland,ie,1,Yes,Categorize existing one,,To do,
en:industrial-beer,Luxembourg,en:luxembourg,lu,1,Yes,Categorize existing one,,To do,
en:industrial-beer,Montenegro,en:montenegro,me,1,Yes,Categorize existing one,,To do,
en:industrial-beer,Romania,en:romania,ro,1,Yes,Categorize existing one,,To do,
en:industrial-beer,Serbia,en:serbia,rs,1,Yes,Categorize existing one,,To do,
en:industrial-beer,Slovenia,en:slovenia,sv,1,Yes,Categorize existing one,,To do,
en:industrial-beer,Sweden,en:sweden,sv,1,Yes,Categorize existing one,,To do,
en:strong-beers,Netherlands,en:netherlands,nl,1,Yes,Categorize existing one,8710956001328,To do,
en:strong-beers,Denmark,en:denmark,dk,1,Yes,Categorize existing one,5741000011539,To do,
en:strong-beers,Sweden,en:sweden,sv,1,Yes,Categorize existing one,7310401006963,To do,
en:strong-beers,Estonia,en:estonia,ee,1,Yes,Categorize existing one,,To do,
en:strong-beers,Norway,en:norway,no,1,Yes,Categorize existing one,,To do,
en:pure-malt-beers,Germany,en:germany,de,1,Yes,Categorize existing one,,To do,
en:dark-ales,Luxembourg,en:luxembourg,lu,1,Yes,Categorize existing one,54055315,To do,
en:dark-ales,Belgium,en:belgium,be,1,Yes,Categorize existing one,5410228141167,To do,
en:lagers,Luxembourg,en:luxembourg,lu,1,Yes,Categorize existing one,5450154013015,To do,
en:lagers,Belgium,en:belgium,be,1,Yes,Categorize existing one,5411681014005,To do,
en:lagers,Hungary,en:hungary,hu,1,Yes,Categorize existing one,5998817520383,To do,
en:lagers,Poland,en:poland,pl,1,Yes,Categorize existing one,5901359000237,To do,
en:lagers,Switzerland,en:switzerland,ch,1,Yes,Categorize existing one,76129810,To do,
en:lagers,United Kingdom,en:united-kingdom,uk,1,Yes,Categorize existing one,75041670,To do,
en:lagers,Cyprus,en:cyprus,cy,1,Yes,Categorize existing one,,To do,
en:lagers,Malta,en:malta,mt,1,Yes,Categorize existing one,,To do,
en:beer-based-alcoholic-beverages,Netherlands,en:netherlands,nl,1,Yes,Categorize existing one,8712000060671,To do,
en:pale-ales,Germany,en:germany,de,1,Yes,Categorize existing one,4014807221403,To do,
en:pale-ales,Belgium,en:belgium,be,1,Yes,Categorize existing one,5411681401164,To do,
en:pale-ales,Luxembourg,en:luxembourg,lu,1,Yes,Categorize existing one,,To do,
en:shandy,Switzerland,en:switzerland,ch,1,Yes,Categorize existing one,76162466,To do,
en:shandy,Germany,en:germany,de,1,Yes,Categorize existing one,42391913,To do,
en:stouts,United Kingdom,en:united-kingdom,uk,1,Yes,Categorize existing one,5000213018958,To do,
en:stouts,Ireland,en:ireland,ie,1,Yes,Categorize existing one,,To do,
en:wheat-beers,Austria,en:austria,at,1,Yes,Categorize existing one,4072700001126,To do,
en:wheat-beers,Germany,en:germany,de,1,Yes,Categorize existing one,4066600201922,To do,
en:wheat-beers,Netherlands,en:netherlands,nl,1,Yes,Categorize existing one,4066600641964,To do,
en:wheat-beers,Switzerland,en:switzerland,ch,1,Yes,Categorize existing one,7640159760016,To do,
en:rum-based-cocktail,Finland,en:finland,fi,1,Yes,Categorize existing one,,To do,
en:premixed-alcoholic-beverages,Sweden,en:sweden,sv,1,Yes,Categorize existing one,,To do,
en:liqueurs,Norway,en:norway,no,1,Yes,Categorize existing one,,To do,
en:distilled-beverages,Denmark,en:denmark,dk,1,Yes,Categorize existing one,5410316671118,To do,
en:liqueurs,France,en:france,fr,1,Yes,Categorize existing one,8002230350285,To do,
en:fortified-wines,France,en:france,fr,1,Yes,Categorize existing one,3147690087403,To do,
en:madeira-wine,France,en:france,fr,1,Yes,Categorize existing one,3147690034100,To do,
en:white-ports,France,en:france,fr,1,Yes,Categorize existing one,3256223631232,To do,
en:red-ports,France,en:france,fr,1,Yes,Categorize existing one,3270190008972,To do,
en:commandaria,France,en:france,fr,1,Yes,Categorize existing one,,To do,
en:commandaria,France,en:france,fr,1,Yes,Categorize existing one,,To do,
hr:vino-marsala,France,en:france,fr,1,Yes,Categorize existing one,,To do,
en:sherry,France,en:france,fr,1,Yes,Categorize existing one,,To do,
en:commandaria,Luxembourg,en:luxembourg,lu,1,Yes,Categorize existing one,,To do,
en:commandaria,Luxembourg,en:luxembourg,lu,1,Yes,Categorize existing one,,To do,
hr:vino-marsala,Luxembourg,en:luxembourg,lu,1,Yes,Categorize existing one,,To do,
en:madeira-wine,Luxembourg,en:luxembourg,lu,1,Yes,Categorize existing one,,To do,
en:sherry,Luxembourg,en:luxembourg,lu,1,Yes,Categorize existing one,,To do,
en:white-ports,Luxembourg,en:luxembourg,lu,1,Yes,Categorize existing one,,To do,
en:red-ports,Luxembourg,en:luxembourg,lu,1,Yes,Categorize existing one,,To do,
en:fortified-wines,Luxembourg,en:luxembourg,lu,1,Yes,Categorize existing one,,To do,
en:liqueurs,Luxembourg,en:luxembourg,lu,1,Yes,Categorize existing one,,To do,
en:rice-based-drinks,Italy,en:italy,it,1,Yes,Categorize existing one,8002670500516,To do,
en:soy-based-drinks,Italy,en:italy,it,1,Yes,Categorize existing one,5411188115496,To do,
en:soy-based-drinks,Luxembourg,en:luxembourg,lu,1,Yes,Categorize existing one,5411188115496,To do,
en:soy-based-drinks,Netherlands,en:netherlands,nl,1,Yes,Categorize existing one,5411188115496,To do,
en:soy-based-drinks,Austria,en:austria,at,1,Yes,Categorize existing one,5411188115472,To do,
en:soy-based-drinks,Belgium,en:belgium,be,1,Yes,Categorize existing one,5411188115472,To do,
en:soy-based-drinks,Ireland,en:ireland,ie,1,Yes,Categorize existing one,5411188103387,To do,
en:soy-based-drinks,Portugal,en:portugal,pt,1,Yes,Categorize existing one,8480017001627,To do,
en:soy-based-drinks,Spain,en:spain,es,1,Yes,Categorize existing one,8480017001627,To do,
en:soy-based-drinks,Croatia,en:croatia,hr,1,Yes,Categorize existing one,20230524,To do,
en:soy-based-drinks,France,en:france,fr,1,Yes,Categorize existing one,3596710385256,To do,
xx:tofu,Austria,en:austria,at,1,Yes,Categorize existing one,4066447506235,To do,
en:50-63-lightly-salted-blended-fat-with-vegetable-and-animal-origins,Sweden,en:sweden,sv,1,Maybe,Categorize existing one,7311870010970,To do,
en:30-40-blended-fat-with-vegetable-and-animal-origins,Sweden,en:sweden,sv,1,Maybe,Categorize existing one,8719200043572,To do,
en:butter-and-margarine-mix,Sweden,en:sweden,sv,1,Maybe,Categorize existing one,7311870010932,To do,
en:30-40-lightly-salted-blended-fat-with-vegetable-and-animal-origins,Sweden,en:sweden,sv,1,Maybe,Categorize existing one,7310860005941,To do,
en:butter-and-margarine-mix,Norway,en:norway,no,1,Maybe,Categorize existing one,7033330013245,To do,
en:30-40-blended-fat-with-vegetable-and-animal-origins,Norway,en:norway,no,1,Maybe,Categorize existing one,,To do,
en:30-40-lightly-salted-blended-fat-with-vegetable-and-animal-origins,Norway,en:norway,no,1,Maybe,Categorize existing one,,To do,
en:50-63-blended-fat-with-vegetable-and-animal-origins,Norway,en:norway,no,1,Maybe,Categorize existing one,,To do,
en:50-63-lightly-salted-blended-fat-with-vegetable-and-animal-origins,Norway,en:norway,no,1,Maybe,Categorize existing one,,To do,
en:50-63-blended-fat-with-vegetable-and-animal-origins,Sweden,en:sweden,sv,1,Maybe,Categorize existing one,,To do,
en:frying-oil,Belgium,en:belgium,be,1,Maybe,Categorize existing one,5400141345186,To do,
en:frying-oil,United Kingdom,en:united-kingdom,uk,1,Maybe,Categorize existing one,4056489498759,To do,
en:frying-oil,France,en:france,fr,1,Maybe,Categorize existing one,3560071138639,To do,
en:frying-oil,Finland,en:finland,fi,1,Maybe,Categorize existing one,,To do,
en:frying-oil,Ireland,en:ireland,ie,1,Maybe,Categorize existing one,,To do,
en:frying-oil,Luxembourg,en:luxembourg,lu,1,Maybe,Categorize existing one,,To do,
en:frying-oil,Netherlands,en:netherlands,nl,1,Maybe,Categorize existing one,,To do,
en:margarines,Portugal,en:portugal,pt,1,Yes,Categorize existing one,5411188114390,To do,
en:margarines,Sweden,en:sweden,sv,1,Yes,Categorize existing one,7311870010970,To do,
en:margarines,Greece,en:greece,el,1,Yes,Categorize existing one,4056489822646,To do,
en:margarines,Netherlands,en:netherlands,nl,1,Yes,Categorize existing one,8719200250444,To do,
en:margarines,Malta,en:malta,mt,1,Yes,Categorize existing one,9716000264069,To do,
en:margarines,Belgium,en:belgium,be,1,Yes,Categorize existing one,8719200265608,To do,
en:margarines,Bulgaria,en:bulgaria,bg,1,Yes,Categorize existing one,4056489135760,To do,
en:margarines,Denmark,en:denmark,dk,1,Yes,Categorize existing one,5760466904919,To do,
en:margarines,Finland,en:finland,fi,1,Yes,Categorize existing one,6408430030309,To do,
en:margarines,Poland,en:poland,pl,1,Yes,Categorize existing one,8719200286641,To do,
en:margarines,Ireland,en:ireland,ie,1,Yes,Categorize existing one,5011037611195,To do,
en:margarines,Cyprus,en:cyprus,cy,1,Yes,Categorize existing one,,To do,
en:margarines,Estonia,en:estonia,ee,1,Yes,Categorize existing one,,To do,
en:butters,Estonia,en:estonia,ee,1,Yes,Categorize existing one,4740153020000,To do,
en:butters,Poland,en:poland,pl,1,Yes,Categorize existing one,5900512300108,To do,
en:butters,Finland,en:finland,fi,1,Yes,Categorize existing one,6408430030002,To do,
en:butters,Czech Republic,en:czech-republic,cs,1,Yes,Categorize existing one,8719200265097,To do,
en:butters,Sweden,en:sweden,sv,1,Yes,Categorize existing one,7311870010970,To do,
en:butters,Luxembourg,en:luxembourg,lu,1,Yes,Categorize existing one,5450168521056,To do,
en:butters,Austria,en:austria,at,1,Yes,Categorize existing one,8719200252776,To do,
en:butters,Belgium,en:belgium,be,1,Yes,Categorize existing one,5411396000164,To do,
en:butters,Slovakia,en:slovakia,sk,1,Yes,Categorize existing one,8588006485127,To do,
en:butters,Italy,en:italy,it,1,Yes,Categorize existing one,8000415000918,To do,
en:butters,Netherlands,en:netherlands,nl,1,Yes,Categorize existing one,5740900401372,To do,
en:butters,Croatia,en:croatia,hr,1,Yes,Categorize existing one,3850355000999,To do,
en:butters,Cyprus,en:cyprus,cy,1,Yes,Categorize existing one,5740900837317,To do,
en:butters,France,en:france,fr,1,Yes,Categorize existing one,3451790988677,To do,
en:butters,Hungary,en:hungary,hu,1,Yes,Categorize existing one,5740900400849,To do,
en:butters,Ireland,en:ireland,ie,1,Yes,Categorize existing one,5011038004545,To do,
en:butters,Lithuania,en:lithuania,lt,1,Yes,Categorize existing one,2098765642717,To do,
en:butters,Malta,en:malta,mt,1,Yes,Categorize existing one,5350066180105,To do,
en:butters,Norway,en:norway,no,1,Yes,Categorize existing one,7038010010187,To do,
en:butters,United Kingdom,en:united-kingdom,uk,1,Yes,Categorize existing one,5740900404465,To do,
en:butters,Slovenia,en:slovenia,sv,1,Yes,Categorize existing one,20612610,To do,
en:butters,Germany,en:germany,de,1,Yes,Categorize existing one,4001954161010,To do,
en:butters,Bulgaria,en:bulgaria,bg,1,Yes,Categorize existing one,4000650011162,To do,
en:butters,Latvia,en:latvia,lv,1,Yes,Categorize existing one,4750467000049,To do,
en:butters,Romania,en:romania,ro,1,Yes,Categorize existing one,4056489108375,To do,
en:butters,Denmark,en:denmark,dk,1,Yes,Categorize existing one,5740900403376,To do,
en:butters,Switzerland,en:switzerland,ch,1,Yes,Categorize existing one,7610128737127,To do,
en:butters,Portugal,en:portugal,pt,1,Yes,Categorize existing one,5601049614330,To do,
en:50-63-lightly-salted-blended-fat-with-vegetable-and-animal-origins,Sweden,en:sweden,sv,1,Yes,Categorize existing one,7311870010970,To do,
en:30-40-blended-fat-with-vegetable-and-animal-origins,Sweden,en:sweden,sv,1,Yes,Categorize existing one,8719200043572,To do,
en:butter-and-margarine-mix,Sweden,en:sweden,sv,1,Yes,Categorize existing one,7311870010932,To do,
en:30-40-lightly-salted-blended-fat-with-vegetable-and-animal-origins,Sweden,en:sweden,sv,1,Yes,Categorize existing one,7310860005941,To do,
en:butter-and-margarine-mix,Norway,en:norway,no,1,Yes,Categorize existing one,7033330013245,To do,
en:butter-and-margarine-mix,Ireland,en:ireland,ie,1,Yes,Categorize existing one,5099817005389,To do,
en:30-40-blended-fat-with-vegetable-and-animal-origins,Finland,en:finland,fi,1,Yes,Categorize existing one,,To do,
en:30-40-lightly-salted-blended-fat-with-vegetable-and-animal-origins,Finland,en:finland,fi,1,Yes,Categorize existing one,,To do,
en:50-63-blended-fat-with-vegetable-and-animal-origins,Finland,en:finland,fi,1,Yes,Categorize existing one,,To do,
en:50-63-lightly-salted-blended-fat-with-vegetable-and-animal-origins,Finland,en:finland,fi,1,Yes,Categorize existing one,,To do,
en:butter-and-margarine-mix,Finland,en:finland,fi,1,Yes,Categorize existing one,,To do,
en:30-40-blended-fat-with-vegetable-and-animal-origins,Germany,en:germany,de,1,Yes,Categorize existing one,,To do,
en:30-40-lightly-salted-blended-fat-with-vegetable-and-animal-origins,Germany,en:germany,de,1,Yes,Categorize existing one,,To do,
en:50-63-blended-fat-with-vegetable-and-animal-origins,Germany,en:germany,de,1,Yes,Categorize existing one,,To do,
en:50-63-lightly-salted-blended-fat-with-vegetable-and-animal-origins,Germany,en:germany,de,1,Yes,Categorize existing one,,To do,
en:butter-and-margarine-mix,Germany,en:germany,de,1,Yes,Categorize existing one,,To do,
en:30-40-blended-fat-with-vegetable-and-animal-origins,Ireland,en:ireland,ie,1,Yes,Categorize existing one,,To do,
en:30-40-lightly-salted-blended-fat-with-vegetable-and-animal-origins,Ireland,en:ireland,ie,1,Yes,Categorize existing one,,To do,
en:50-63-blended-fat-with-vegetable-and-animal-origins,Ireland,en:ireland,ie,1,Yes,Categorize existing one,,To do,
en:50-63-lightly-salted-blended-fat-with-vegetable-and-animal-origins,Ireland,en:ireland,ie,1,Yes,Categorize existing one,,To do,
en:30-40-blended-fat-with-vegetable-and-animal-origins,Norway,en:norway,no,1,Yes,Categorize existing one,,To do,
en:30-40-lightly-salted-blended-fat-with-vegetable-and-animal-origins,Norway,en:norway,no,1,Yes,Categorize existing one,,To do,
en:50-63-blended-fat-with-vegetable-and-animal-origins,Norway,en:norway,no,1,Yes,Categorize existing one,,To do,
en:50-63-lightly-salted-blended-fat-with-vegetable-and-animal-origins,Norway,en:norway,no,1,Yes,Categorize existing one,,To do,
en:50-63-blended-fat-with-vegetable-and-animal-origins,Sweden,en:sweden,sv,1,Yes,Categorize existing one,,To do,
en:margarines,United Kingdom,en:united-kingdom,uk,1,Yes,Categorize existing one,8719200269743,To do,
en:butter-and-margarine-mix,United Kingdom,en:united-kingdom,uk,1,Yes,Categorize existing one,8719200284418,To do,
en:margarines,Slovenia,en:slovenia,sv,1,Yes,Categorize existing one,4088500777192,To do,
en:margarines-with-plant-sterols-esters,Slovenia,en:slovenia,sv,1,Yes,Categorize existing one,,To do,
en:margarines-high-in-omega-3,Slovenia,en:slovenia,sv,1,Yes,Categorize existing one,,To do,
en:margarines,France,en:france,fr,1,Yes,Categorize existing one,3155250358788,To do,
en:margarines-high-in-omega-3,France,en:france,fr,1,Yes,Categorize existing one,3366321053284,To do,
en:margarines,France,en:france,fr,1,Yes,Categorize existing one,3155250358788,To do,
en:80-unsalted-vegetable-fat,France,en:france,fr,1,Yes,Categorize existing one,631583101015,To do,
en:80-salted-vegetable-fat,France,en:france,fr,1,Yes,Categorize existing one,,To do,
en:margarines,Austria,en:austria,at,1,Yes,Categorize existing one,8719200205147,To do,
en:margarines,Finland,en:finland,fi,1,Yes,Categorize existing one,6408430030309,To do,
en:margarines,Estonia,en:estonia,ee,1,Yes,Categorize existing one,,To do,
en:butter-and-margarine-mix,Estonia,en:estonia,ee,1,Yes,Categorize existing one,,To do,
en:butter-and-margarine-mix,Finland,en:finland,fi,1,Yes,Categorize existing one,,To do,
en:margarines,Hungary,en:hungary,hu,1,Yes,Categorize existing one,5900247000786,To do,
en:margarines,Sweden,en:sweden,sv,1,Yes,Categorize existing one,7311870010970,To do,
en:margarines,Spain,en:spain,es,1,Yes,Categorize existing one,8480000201966,To do,
en:margarines,Slovakia,en:slovakia,sk,1,Yes,Categorize existing one,8719200262362,To do,
en:margarines,Serbia,en:serbia,rs,1,Yes,Categorize existing one,8600498172016,To do,
en:margarines,Latvia,en:latvia,lv,1,Yes,Categorize existing one,8719200264854,To do,
en:margarines,Netherlands,en:netherlands,nl,1,Yes,Categorize existing one,8719200250444,To do,
en:margarines,Norway,en:norway,no,1,Yes,Categorize existing one,7033330013245,To do,
en:margarines,Germany,en:germany,de,1,Yes,Categorize existing one,8719200282612,To do,
en:margarines,Belgium,en:belgium,be,1,Yes,Categorize existing one,8719200265608,To do,
en:margarines,Czech Republic,en:czech-republic,cs,1,Yes,Categorize existing one,8719200267503,To do,
en:margarines,Lithuania,en:lithuania,lt,1,Yes,Categorize existing one,4820245523067,To do,
en:margarines,Denmark,en:denmark,dk,1,Yes,Categorize existing one,5760466904919,To do,
en:margarines,Finland,en:finland,fi,1,Yes,Categorize existing one,6408430030309,To do,
en:margarines,Ireland,en:ireland,ie,1,Yes,Categorize existing one,5011037611195,To do,
en:margarines,Montenegro,en:montenegro,me,1,Yes,Categorize existing one,,To do,
en:camomile-teas,Portugal,en:portugal,pt,1,Yes,Categorize existing one,8480000111685,To do,
en:camomile-teas,Switzerland,en:switzerland,ch,1,Yes,Categorize existing one,70177067762,To do,
en:camomile-teas,Austria,en:austria,at,1,Yes,Categorize existing one,,To do,
en:camomile-teas,Croatia,en:croatia,hr,1,Yes,Categorize existing one,,To do,
en:camomile-teas,Serbia,en:serbia,rs,1,Yes,Categorize existing one,,To do,
en:camomile-teas,Slovenia,en:slovenia,sv,1,Yes,Categorize existing one,,To do,
en:instant-cocoa-or-chocolate-beverage-with-sugar-fortified-with-vitamins-and-chemical-elements-ready-to-drink-reconstituted-with-standard-semi-skimm,United Kingdom,en:united-kingdom,uk,1,Yes,Categorize existing one,4088600291697,To do,
en:instant-cocoa-or-chocolate-beverage-with-sugar-fortified-with-vitamins-and-chemical-elements-ready-to-drink-reconstituted-with-standard-semi-skimm,Germany,en:germany,de,1,Yes,Categorize existing one,7612100909911,To do,
en:herbal-teas,Switzerland,en:switzerland,ch,1,Yes,Categorize existing one,7616800831930,To do,
en:herbal-tea-blends,Austria,en:austria,at,1,Yes,Categorize existing one,4012824404243,To do,
en:herbal-teas,Austria,en:austria,at,1,Yes,Categorize existing one,4056489023760,To do,
en:fennel,Austria,en:austria,at,1,Yes,Categorize existing one,9001414015162,To do,
en:fennel,Switzerland,en:switzerland,ch,1,Yes,Categorize existing one,2124238001757,To do,
en:herbal-tea-blends,Switzerland,en:switzerland,ch,1,Yes,Categorize existing one,3228881084569,To do,
en:fermented-teas,Portugal,en:portugal,pt,1,Yes,Categorize existing one,4056489965923,To do,
en:fermented-teas,United Kingdom,en:united-kingdom,uk,1,Yes,Categorize existing one,4056489965923,To do,
en:fermented-teas,France,en:france,fr,1,Yes,Categorize existing one,3760192490641,To do,
en:fermented-teas,Netherlands,en:netherlands,nl,1,Yes,Categorize existing one,4751037280298,To do,
en:fermented-teas,Germany,en:germany,de,1,Yes,Categorize existing one,8720892511140,To do,
en:fermented-teas,Hungary,en:hungary,hu,1,Yes,Categorize existing one,3830073630098,To do,
en:fermented-teas,Belgium,en:belgium,be,1,Yes,Categorize existing one,5407005240090,To do,
en:fermented-teas,Austria,en:austria,at,1,Yes,Categorize existing one,,To do,
en:fermented-teas,Ireland,en:ireland,ie,1,Yes,Categorize existing one,,To do,
en:fermented-teas,Luxembourg,en:luxembourg,lu,1,Yes,Categorize existing one,,To do,
en:fermented-teas,Poland,en:poland,pl,1,Yes,Categorize existing one,,To do,
en:fermented-teas,Switzerland,en:switzerland,ch,1,Yes,Categorize existing one,,To do,
en:fruit-teas,Slovenia,en:slovenia,sv,1,Yes,Categorize existing one,3838700537123,To do,
en:fruit-teas,Portugal,en:portugal,pt,1,Yes,Categorize existing one,20189242,To do,
en:fruit-teas,Netherlands,en:netherlands,nl,1,Yes,Categorize existing one,8718907437769,To do,
en:fruit-teas,France,en:france,fr,1,Yes,Categorize existing one,8720608025138,To do,
en:fruit-teas,Croatia,en:croatia,hr,1,Yes,Categorize existing one,4009300008170,To do,
en:fruit-teas,Germany,en:germany,de,1,Yes,Categorize existing one,4009300014492,To do,
en:fruit-teas,Poland,en:poland,pl,1,Yes,Categorize existing one,5900956006734,To do,
en:fruit-teas,Switzerland,en:switzerland,ch,1,Yes,Categorize existing one,4099200028057,To do,
en:fruit-teas,Austria,en:austria,at,1,Yes,Categorize existing one,4056489023760,To do,
en:fruit-teas,Hungary,en:hungary,hu,1,Yes,Categorize existing one,5997505321400,To do,
en:fruit-teas,Lithuania,en:lithuania,lt,1,Yes,Categorize existing one,4770161102603,To do,
en:fruit-teas,United Kingdom,en:united-kingdom,uk,1,Yes,Categorize existing one,70177178529,To do,
en:fruit-teas,Latvia,en:latvia,lv,1,Yes,Categorize existing one,,To do,
en:herbal-teas,Cyprus,en:cyprus,cy,1,Yes,Categorize existing one,4056489024279,To do,
en:herbal-teas,Slovenia,en:slovenia,sv,1,Yes,Categorize existing one,3838700537123,To do,
en:herbal-teas,Switzerland,en:switzerland,ch,1,Yes,Categorize existing one,7616800831930,To do,
en:herbal-teas,Belgium,en:belgium,be,1,Yes,Categorize existing one,3057640508813,To do,
en:herbal-teas,France,en:france,fr,1,Yes,Categorize existing one,3057640508813,To do,
en:herbal-teas,Luxembourg,en:luxembourg,lu,1,Yes,Categorize existing one,3057640508813,To do,
en:herbal-teas,Ireland,en:ireland,ie,1,Yes,Categorize existing one,5099810020006,To do,
en:herbal-teas,Germany,en:germany,de,1,Yes,Categorize existing one,4009300014492,To do,
en:herbal-teas,Croatia,en:croatia,hr,1,Yes,Categorize existing one,4056489228516,To do,
en:herbal-teas,Italy,en:italy,it,1,Yes,Categorize existing one,8000050026076,To do,
en:herbal-teas,United Kingdom,en:united-kingdom,uk,1,Yes,Categorize existing one,5065000523145,To do,
en:herbal-teas,Finland,en:finland,fi,1,Yes,Categorize existing one,6411020001450,To do,
en:herbal-teas,Latvia,en:latvia,lv,1,Yes,Categorize existing one,4751004320088,To do,
en:herbal-teas,Portugal,en:portugal,pt,1,Yes,Categorize existing one,8480000111685,To do,
en:herbal-teas,Austria,en:austria,at,1,Yes,Categorize existing one,4056489023760,To do,
en:herbal-teas,Netherlands,en:netherlands,nl,1,Yes,Categorize existing one,8711000008775,To do,
en:herbal-teas,Hungary,en:hungary,hu,1,Yes,Categorize existing one,5997505321400,To do,
en:herbal-teas,Lithuania,en:lithuania,lt,1,Yes,Categorize existing one,4770161102603,To do,
en:herbal-teas,Estonia,en:estonia,ee,1,Yes,Categorize existing one,,To do,
en:herbal-teas,Malta,en:malta,mt,1,Yes,Categorize existing one,,To do,
en:herbal-teas,Montenegro,en:montenegro,me,1,Yes,Categorize existing one,,To do,
en:chocolate-milks,Sweden,en:sweden,sv,1,Yes,Categorize existing one,7622300247942,To do,
en:chocolate-milks,United Kingdom,en:united-kingdom,uk,1,Yes,Categorize existing one,4056489406679,To do,
en:chocolate-milks,Finland,en:finland,fi,1,Yes,Categorize existing one,5711953169991,To do,
en:chocolate-milks,Switzerland,en:switzerland,ch,1,Yes,Categorize existing one,7610900863273,To do,
en:verbena-family,Switzerland,en:switzerland,ch,1,Yes,Categorize existing one,,To do,
en:herbal-teas,Switzerland,en:switzerland,ch,1,Yes,Categorize existing one,7616800831930,To do,
en:herbal-tea-blends,Switzerland,en:switzerland,ch,1,Yes,Categorize existing one,3228881084569,To do,
en:instant-herbal-teas,Switzerland,en:switzerland,ch,1,Yes,Categorize existing one,,To do,
en:limeflower-tea,Switzerland,en:switzerland,ch,1,Yes,Categorize existing one,,To do,
en:large-leaved-lime,Switzerland,en:switzerland,ch,1,Yes,Categorize existing one,,To do,
en:small-leaved-lime,Switzerland,en:switzerland,ch,1,Yes,Categorize existing one,,To do,
en:Infusiones relajantes,Switzerland,en:switzerland,ch,0,Yes,Categorize existing one,,To do,
en:brewed-infusions-without-sugar,Switzerland,en:switzerland,ch,1,Yes,Categorize existing one,,To do,
en:herbal-teas,Greece,en:greece,el,1,Yes,Categorize existing one,4056489024279,To do,
en:herbal-teas,Switzerland,en:switzerland,ch,1,Yes,Categorize existing one,7616800831930,To do,
en:herbal-teas,Belgium,en:belgium,be,1,Yes,Categorize existing one,3057640508813,To do,
en:herbal-teas,France,en:france,fr,1,Yes,Categorize existing one,3057640508813,To do,
en:herbal-teas,Luxembourg,en:luxembourg,lu,1,Yes,Categorize existing one,3057640508813,To do,
en:herbal-teas,Romania,en:romania,ro,1,Yes,Categorize existing one,5941141222546,To do,
en:herbal-teas,Ireland,en:ireland,ie,1,Yes,Categorize existing one,5099810020006,To do,
en:herbal-teas,Serbia,en:serbia,rs,1,Yes,Categorize existing one,5900396024039,To do,
en:herbal-teas,Germany,en:germany,de,1,Yes,Categorize existing one,4009300014492,To do,
en:herbal-teas,Croatia,en:croatia,hr,1,Yes,Categorize existing one,4056489228516,To do,
en:herbal-teas,Italy,en:italy,it,1,Yes,Categorize existing one,8000050026076,To do,
en:herbal-teas,United Kingdom,en:united-kingdom,uk,1,Yes,Categorize existing one,5065000523145,To do,
en:herbal-teas,Finland,en:finland,fi,1,Yes,Categorize existing one,6411020001450,To do,
en:herbal-teas,Latvia,en:latvia,lv,1,Yes,Categorize existing one,4751004320088,To do,
en:herbal-teas,Poland,en:poland,pl,1,Yes,Categorize existing one,5900956002323,To do,
en:herbal-teas,Portugal,en:portugal,pt,1,Yes,Categorize existing one,8480000111685,To do,
en:herbal-teas,Austria,en:austria,at,1,Yes,Categorize existing one,4056489023760,To do,
en:herbal-teas,Netherlands,en:netherlands,nl,1,Yes,Categorize existing one,8711000008775,To do,
en:herbal-teas,Hungary,en:hungary,hu,1,Yes,Categorize existing one,5997505321400,To do,
en:herbal-teas,Lithuania,en:lithuania,lt,1,Yes,Categorize existing one,4770161102603,To do,
en:herbal-teas,Estonia,en:estonia,ee,1,Yes,Categorize existing one,,To do,
en:herbal-teas,Montenegro,en:montenegro,me,1,Yes,Categorize existing one,,To do,
en:mint-teas,Switzerland,en:switzerland,ch,1,Yes,Categorize existing one,7613312342572,To do,
en:mint-teas,Austria,en:austria,at,1,Yes,Categorize existing one,,To do,
en:mint-teas,Croatia,en:croatia,hr,1,Yes,Categorize existing one,,To do,
en:rooibos,Germany,en:germany,de,1,Yes,Categorize existing one,4002221007130,To do,
en:rooibos,Switzerland,en:switzerland,ch,1,Yes,Categorize existing one,7613356484122,To do,
en:rooibos,Netherlands,en:netherlands,nl,1,Yes,Categorize existing one,8711000008775,To do,
en:teas,France,en:france,fr,1,Yes,Categorize existing one,3124480195326,To do,
en:teas,Lithuania,en:lithuania,lt,1,Yes,Categorize existing one,4056489914990,To do,
en:teas,Denmark,en:denmark,dk,1,Yes,Categorize existing one,5705830000170,To do,
en:teas,Italy,en:italy,it,1,Yes,Categorize existing one,80165491,To do,
en:teas,Switzerland,en:switzerland,ch,1,Yes,Categorize existing one,7616800204086,To do,
en:teas,Finland,en:finland,fi,1,Yes,Categorize existing one,8720892511188,To do,
en:teas,Estonia,en:estonia,ee,1,Yes,Categorize existing one,4751037280830,To do,
en:teas,Latvia,en:latvia,lv,1,Yes,Categorize existing one,4751037280830,To do,
en:teas,Norway,en:norway,no,1,Yes,Categorize existing one,5063270101766,To do,
en:teas,Romania,en:romania,ro,1,Yes,Categorize existing one,5942325003364,To do,
en:teas,Cyprus,en:cyprus,cy,1,Yes,Categorize existing one,5053826749894,To do,
en:teas,Sweden,en:sweden,sv,1,Yes,Categorize existing one,7391835917285,To do,
en:teas,Slovenia,en:slovenia,sv,1,Yes,Categorize existing one,3838700533446,To do,
en:teas,Portugal,en:portugal,pt,1,Yes,Categorize existing one,8402001034992,To do,
en:teas,Austria,en:austria,at,1,Yes,Categorize existing one,70177011598,To do,
en:teas,Malta,en:malta,mt,1,Yes,Categorize existing one,,To do,
en:flavored-teas,Italy,en:italy,it,1,Yes,Categorize existing one,80177340,To do,
en:flavored-teas,Switzerland,en:switzerland,ch,1,Yes,Categorize existing one,8001620002988,To do,
en:flavored-teas,Luxembourg,en:luxembourg,lu,1,Yes,Categorize existing one,3251223002457,To do,
en:flavored-teas,Belgium,en:belgium,be,1,Yes,Categorize existing one,27005378,To do,
en:flavored-teas,Germany,en:germany,de,1,Yes,Categorize existing one,4009300005841,To do,
en:flavored-teas,Slovenia,en:slovenia,sv,1,Yes,Categorize existing one,3838700530438,To do,
en:flavored-teas,Netherlands,en:netherlands,nl,1,Yes,Categorize existing one,8711000484302,To do,
en:flavored-teas,Estonia,en:estonia,ee,1,Yes,Categorize existing one,,To do,
en:flavored-teas,Hungary,en:hungary,hu,1,Yes,Categorize existing one,,To do,
en:flavored-teas,Montenegro,en:montenegro,me,1,Yes,Categorize existing one,,To do,
en:flavored-teas,Romania,en:romania,ro,1,Yes,Categorize existing one,,To do,
en:flavored-teas,Serbia,en:serbia,rs,1,Yes,Categorize existing one,,To do,
en:cocoa-powder-for-beverages-with-sugar,France,en:france,fr,1,Yes,Categorize existing one,3033710065783,To do,
en:cocoa-powder-for-beverages-with-sugar,Spain,en:spain,es,1,Yes,Categorize existing one,8410014478764,To do,
en:cocoa-powder-for-beverages-with-sugar,Czech Republic,en:czech-republic,cs,1,Yes,Categorize existing one,,To do,
en:cocoa-powder-for-beverages-with-sugar,Slovakia,en:slovakia,sk,1,Yes,Categorize existing one,,To do,
en:cocoa-powders,Denmark,en:denmark,dk,1,Yes,Categorize existing one,5705830003485,To do,
en:herbal-teas,Slovakia,en:slovakia,sk,1,Yes,Categorize existing one,8711000008737,To do,
en:herbal-teas,Czech Republic,en:czech-republic,cs,1,Yes,Categorize existing one,4305615891880,To do,
en:herbal-tea-blends,Spain,en:spain,es,1,Yes,Categorize existing one,8480000111685,To do,
en:herbal-teas,Spain,en:spain,es,1,Yes,Categorize existing one,8480000198129,To do,
en:fruit-teas,Spain,en:spain,es,1,Yes,Categorize existing one,8402001019760,To do,
en:tea-leaves,Spain,en:spain,es,1,Yes,Categorize existing one,8480000114334,To do,
en:flavored-teas,Spain,en:spain,es,1,Yes,Categorize existing one,8480000114334,To do,
en:herbal-tea-beverages,Spain,en:spain,es,1,Yes,Categorize existing one,5021991942433,To do,
en:brewed-infusions-without-sugar,Spain,en:spain,es,1,Yes,Categorize existing one,5021991942433,To do,
en:herbal-tea-beverages,Spain,en:spain,es,1,Yes,Categorize existing one,5021991942433,To do,
en:teas,Spain,en:spain,es,1,Yes,Categorize existing one,8402001034992,To do,
en:coffee-and-tea-variety-packs,Spain,en:spain,es,1,Yes,Categorize existing one,,To do,
en:fermented-teas,Czech Republic,en:czech-republic,cs,1,Yes,Categorize existing one,,To do,
en:fermented-teas,Slovakia,en:slovakia,sk,1,Yes,Categorize existing one,,To do,
en:decaffeinated-teas,United Kingdom,en:united-kingdom,uk,1,Yes,Categorize existing one,615357118775,To do,
en:meals,Slovenia,en:slovenia,sv,1,Yes,Categorize existing one,4056489606529,To do,
en:bean-dishes,Croatia,en:croatia,hr,1,Yes,Categorize existing one,,To do,
en:bean-dishes,Montenegro,en:montenegro,me,1,Yes,Categorize existing one,,To do,
en:pizzas-pies-and-quiches,Slovakia,en:slovakia,sk,1,Yes,Categorize existing one,5901537003142,To do,
en:sandwiches,Slovakia,en:slovakia,sk,1,Yes,Categorize existing one,8588008810132,To do,
en:sandwiches,Czech Republic,en:czech-republic,cs,1,Yes,Categorize existing one,8588008810293,To do,
en:pizzas-pies-and-quiches,Czech Republic,en:czech-republic,cs,1,Yes,Categorize existing one,8590421079058,To do,
en:focaccia,Czech Republic,en:czech-republic,cs,1,Yes,Categorize existing one,4056489443087,To do,
en:focaccia,Slovakia,en:slovakia,sk,1,Yes,Categorize existing one,,To do,
en:cheese-pies,Montenegro,en:montenegro,me,1,Yes,Categorize existing one,,To do,
en:dolmas,Montenegro,en:montenegro,me,1,Yes,Categorize existing one,,To do,
en:dolmas,Romania,en:romania,ro,1,Yes,Categorize existing one,,To do,
en:egg-sandwiches,Poland,en:poland,pl,1,Yes,Categorize existing one,8586020103553,To do,
en:egg-sandwiches,Estonia,en:estonia,ee,1,Yes,Categorize existing one,,To do,
en:fried-egg,Estonia,en:estonia,ee,1,Yes,Categorize existing one,,To do,
en:poached-eggs,Estonia,en:estonia,ee,1,Yes,Categorize existing one,,To do,
en:scrambled-egg,Estonia,en:estonia,ee,1,Yes,Categorize existing one,,To do,
en:soft-boiled-eggs,Estonia,en:estonia,ee,1,Yes,Categorize existing one,,To do,
en:fritter-filled-with-eggs,Estonia,en:estonia,ee,1,Yes,Categorize existing one,,To do,
en:omelettes,Estonia,en:estonia,ee,1,Yes,Categorize existing one,,To do,
en:egg-sandwiches,Hungary,en:hungary,hu,1,Yes,Categorize existing one,,To do,
en:fried-egg,Hungary,en:hungary,hu,1,Yes,Categorize existing one,,To do,
en:poached-eggs,Hungary,en:hungary,hu,1,Yes,Categorize existing one,,To do,
en:scrambled-egg,Hungary,en:hungary,hu,1,Yes,Categorize existing one,,To do,
en:soft-boiled-eggs,Hungary,en:hungary,hu,1,Yes,Categorize existing one,,To do,
en:fritter-filled-with-eggs,Hungary,en:hungary,hu,1,Yes,Categorize existing one,,To do,
en:omelettes,Hungary,en:hungary,hu,1,Yes,Categorize existing one,,To do,
en:fried-egg,Poland,en:poland,pl,1,Yes,Categorize existing one,,To do,
en:poached-eggs,Poland,en:poland,pl,1,Yes,Categorize existing one,,To do,
en:scrambled-egg,Poland,en:poland,pl,1,Yes,Categorize existing one,,To do,
en:soft-boiled-eggs,Poland,en:poland,pl,1,Yes,Categorize existing one,,To do,
en:fritter-filled-with-eggs,Poland,en:poland,pl,1,Yes,Categorize existing one,,To do,
en:omelettes,Poland,en:poland,pl,1,Yes,Categorize existing one,,To do,
en:egg-sandwiches,Portugal,en:portugal,pt,1,Yes,Categorize existing one,,To do,
en:fried-egg,Portugal,en:portugal,pt,1,Yes,Categorize existing one,,To do,
en:poached-eggs,Portugal,en:portugal,pt,1,Yes,Categorize existing one,,To do,
en:scrambled-egg,Portugal,en:portugal,pt,1,Yes,Categorize existing one,,To do,
en:soft-boiled-eggs,Portugal,en:portugal,pt,1,Yes,Categorize existing one,,To do,
en:fritter-filled-with-eggs,Portugal,en:portugal,pt,1,Yes,Categorize existing one,,To do,
en:omelettes,Portugal,en:portugal,pt,1,Yes,Categorize existing one,,To do,
en:egg-sandwiches,Slovenia,en:slovenia,sv,1,Yes,Categorize existing one,,To do,
en:fried-egg,Slovenia,en:slovenia,sv,1,Yes,Categorize existing one,,To do,
en:poached-eggs,Slovenia,en:slovenia,sv,1,Yes,Categorize existing one,,To do,
en:scrambled-egg,Slovenia,en:slovenia,sv,1,Yes,Categorize existing one,,To do,
en:soft-boiled-eggs,Slovenia,en:slovenia,sv,1,Yes,Categorize existing one,,To do,
en:fritter-filled-with-eggs,Slovenia,en:slovenia,sv,1,Yes,Categorize existing one,,To do,
en:omelettes,Slovenia,en:slovenia,sv,1,Yes,Categorize existing one,,To do,
en:appetizers,Netherlands,en:netherlands,nl,1,Yes,Categorize existing one,8710398526014,To do,
en:meals-with-shellfish,Norway,en:norway,no,1,Yes,Categorize existing one,7036110211251,To do,
en:meals-with-shellfish,Italy,en:italy,it,1,Yes,Categorize existing one,8001120736284,To do,
en:meals-with-shellfish,Croatia,en:croatia,hr,1,Yes,Categorize existing one,,To do,
en:meals-with-shellfish,Estonia,en:estonia,ee,1,Yes,Categorize existing one,,To do,
en:meals-with-shellfish,Portugal,en:portugal,pt,1,Yes,Categorize existing one,,To do,
en:potato-fries,United Kingdom,en:united-kingdom,uk,1,Yes,Categorize existing one,2000000148096,To do,
en:potato-fries,Czech Republic,en:czech-republic,cs,1,Yes,Categorize existing one,8710438033205,To do,
en:potato-fries,Romania,en:romania,ro,1,Yes,Categorize existing one,4056489150398,To do,
en:potato-fries,Norway,en:norway,no,1,Yes,Categorize existing one,7032069726532,To do,
en:potato-fries,Austria,en:austria,at,1,Yes,Categorize existing one,8710438094213,To do,
en:potato-fries,Denmark,en:denmark,dk,1,Yes,Categorize existing one,20829735,To do,
en:potato-fries,Sweden,en:sweden,sv,1,Yes,Categorize existing one,7316110001916,To do,
en:potato-fries,Netherlands,en:netherlands,nl,1,Yes,Categorize existing one,8710449919437,To do,
en:potato-fries,Montenegro,en:montenegro,me,1,Yes,Categorize existing one,,To do,
en:potato-fries,Portugal,en:portugal,pt,1,Yes,Categorize existing one,,To do,
en:potato-fries,Slovakia,en:slovakia,sk,1,Yes,Categorize existing one,,To do,
en:frozen-deep-fried-french-fries,France,en:france,fr,1,Yes,Categorize existing one,3270160500468,To do,
en:frozen-deep-fried-french-fries,Belgium,en:belgium,be,1,Yes,Categorize existing one,,To do,
en:frozen-deep-fried-french-fries,Ireland,en:ireland,ie,1,Yes,Categorize existing one,,To do,
en:frozen-deep-fried-french-fries,Luxembourg,en:luxembourg,lu,1,Yes,Categorize existing one,,To do,
en:goulash,Denmark,en:denmark,dk,1,Yes,Categorize existing one,,To do,
en:goulash,Slovenia,en:slovenia,sv,1,Yes,Categorize existing one,,To do,
en:hamburgers,United Kingdom,en:united-kingdom,uk,1,Yes,Categorize existing one,5057753902308,To do,
en:hamburgers,Sweden,en:sweden,sv,1,Yes,Categorize existing one,7300298919002,To do,
en:hamburgers,Denmark,en:denmark,dk,1,Yes,Categorize existing one,,To do,
en:prepared-lasagne,France,en:france,fr,1,Yes,Categorize existing one,3338310001279,To do,
en:prepared-lasagne,Denmark,en:denmark,dk,1,Yes,Categorize existing one,5744001101315,To do,
en:prepared-lasagne,Switzerland,en:switzerland,ch,1,Yes,Categorize existing one,7610026007698,To do,
en:lentil-dishes,Hungary,en:hungary,hu,1,Yes,Categorize existing one,,To do,
en:meat-balls,Sweden,en:sweden,sv,1,Yes,Categorize existing one,7300200080004,To do,
en:meat-balls,Denmark,en:denmark,dk,1,Yes,Categorize existing one,5709345000991,To do,
en:meat-balls,Finland,en:finland,fi,1,Yes,Categorize existing one,20642686,To do,
en:meat-balls,Latvia,en:latvia,lv,1,Yes,Categorize existing one,,To do,
en:meat-balls,Lithuania,en:lithuania,lt,1,Yes,Categorize existing one,,To do,
en:meals-with-meat,Ireland,en:ireland,ie,1,Yes,Categorize existing one,5090383101000,To do,
en:meals-with-meat,Latvia,en:latvia,lv,1,Yes,Categorize existing one,4056489283577,To do,
en:meals-with-meat,France,en:france,fr,1,Yes,Categorize existing one,3242274030056,To do,
en:meals-with-meat,Finland,en:finland,fi,1,Yes,Categorize existing one,4056489442981,To do,
en:meals-with-meat,Poland,en:poland,pl,1,Yes,Categorize existing one,3245413532466,To do,
en:meals-with-meat,Estonia,en:estonia,ee,1,Yes,Categorize existing one,20490706,To do,
en:meals-with-meat,Romania,en:romania,ro,1,Yes,Categorize existing one,5941341032525,To do,
en:meals-with-meat,Italy,en:italy,it,1,Yes,Categorize existing one,7311310381271,To do,
en:meals-with-meat,Netherlands,en:netherlands,nl,1,Yes,Categorize existing one,4016337960074,To do,
en:meals-with-meat,Hungary,en:hungary,hu,1,Yes,Categorize existing one,20303822,To do,
en:meals-with-meat,Austria,en:austria,at,1,Yes,Categorize existing one,4099200121574,To do,
en:meals-with-meat,Croatia,en:croatia,hr,1,Yes,Categorize existing one,3850104020087,To do,
en:meals-with-meat,Sweden,en:sweden,sv,1,Yes,Categorize existing one,7310960044130,To do,
en:meals-with-meat,Slovenia,en:slovenia,sv,1,Yes,Categorize existing one,4056489623199,To do,
en:meals-with-meat,Lithuania,en:lithuania,lt,1,Yes,Categorize existing one,4770118403265,To do,
en:meals-with-meat,Portugal,en:portugal,pt,1,Yes,Categorize existing one,5601312509530,To do,
en:meals-with-meat,United Kingdom,en:united-kingdom,uk,1,Yes,Categorize existing one,10001295,To do,
en:ground-beef-steaks,United Kingdom,en:united-kingdom,uk,1,Yes,Categorize existing one,1824155,To do,
en:ground-beef-steaks,Estonia,en:estonia,ee,1,Yes,Categorize existing one,,To do,
en:meatloafs,Denmark,en:denmark,dk,1,Yes,Categorize existing one,,To do,
en:stews,Lithuania,en:lithuania,lt,1,Yes,Categorize existing one,2904838000011,To do,
en:stews,Italy,en:italy,it,1,Yes,Categorize existing one,8014190002791,To do,
en:stews,Sweden,en:sweden,sv,1,Yes,Categorize existing one,20831837,To do,
en:stews,France,en:france,fr,1,Yes,Categorize existing one,4003082007826,To do,
en:stews,United Kingdom,en:united-kingdom,uk,1,Yes,Categorize existing one,5060430291909,To do,
en:stews,Ireland,en:ireland,ie,1,Yes,Categorize existing one,20500009,To do,
en:stews,Croatia,en:croatia,hr,1,Yes,Categorize existing one,,To do,
en:stews,Denmark,en:denmark,dk,1,Yes,Categorize existing one,,To do,
en:stews,Hungary,en:hungary,hu,1,Yes,Categorize existing one,,To do,
en:stews,Latvia,en:latvia,lv,1,Yes,Categorize existing one,,To do,
en:stews,Portugal,en:portugal,pt,1,Yes,Categorize existing one,,To do,
en:canned-diced-mixed-vegetables,Austria,en:austria,at,1,Yes,Categorize existing one,,To do,
en:canned-diced-mixed-vegetables,Denmark,en:denmark,dk,1,Yes,Categorize existing one,,To do,
en:canned-diced-mixed-vegetables,Ireland,en:ireland,ie,1,Yes,Categorize existing one,,To do,
en:canned-diced-mixed-vegetables,Luxembourg,en:luxembourg,lu,1,Yes,Categorize existing one,,To do,
en:canned-diced-mixed-vegetables,Netherlands,en:netherlands,nl,1,Yes,Categorize existing one,,To do,
en:canned-diced-mixed-vegetables,Portugal,en:portugal,pt,1,Yes,Categorize existing one,,To do,
en:fresh-mixed-vegetables,Germany,en:germany,de,1,Yes,Categorize existing one,4001866015005,To do,
en:frozen-mixed-vegetables,Germany,en:germany,de,1,Yes,Categorize existing one,4008366007196,To do,
en:mixed-vegetables,Germany,en:germany,de,1,Yes,Categorize existing one,4008366007196,To do,
en:cooked-vegetables,Germany,en:germany,de,1,Yes,Categorize existing one,3083681040609,To do,
en:pan-fried-vegetables,Latvia,en:latvia,lv,1,Yes,Categorize existing one,,To do,
en:pan-fried-vegetables,Lithuania,en:lithuania,lt,1,Yes,Categorize existing one,,To do,
en:moussaka,Montenegro,en:montenegro,me,1,Yes,Categorize existing one,,To do,
en:sauteed-potatoes,France,en:france,fr,1,Yes,Categorize existing one,3270160508525,To do,
en:sauteed-potatoes,Germany,en:germany,de,1,Yes,Categorize existing one,4337256185110,To do,
en:sauteed-potatoes,Estonia,en:estonia,ee,1,Yes,Categorize existing one,,To do,
en:sauteed-potatoes,Ireland,en:ireland,ie,1,Yes,Categorize existing one,,To do,
en:sauteed-potatoes,Latvia,en:latvia,lv,1,Yes,Categorize existing one,,To do,
en:sauteed-potatoes,Lithuania,en:lithuania,lt,1,Yes,Categorize existing one,,To do,
en:sauteed-potatoes,Netherlands,en:netherlands,nl,1,Yes,Categorize existing one,,To do,
en:pasta-dishes,Hungary,en:hungary,hu,1,Yes,Categorize existing one,4056489009214,To do,
en:pasta-dishes,Poland,en:poland,pl,1,Yes,Categorize existing one,5901398069974,To do,
en:pasta-dishes,United Kingdom,en:united-kingdom,uk,1,Yes,Categorize existing one,8001665705073,To do,
en:pasta-dishes,Switzerland,en:switzerland,ch,1,Yes,Categorize existing one,7613413747023,To do,
en:pasta-dishes,Montenegro,en:montenegro,me,1,Yes,Categorize existing one,3850104230943,To do,
en:pasta-dishes,Netherlands,en:netherlands,nl,1,Yes,Categorize existing one,8721161411444,To do,
en:pasta-dishes,Sweden,en:sweden,sv,1,Yes,Categorize existing one,7310960044130,To do,
en:pasta-dishes,Estonia,en:estonia,ee,1,Yes,Categorize existing one,4056489721024,To do,
en:pasta-dishes,Romania,en:romania,ro,1,Yes,Categorize existing one,4056489412304,To do,
en:cooked-unsalted-dried-pasta,Belgium,en:belgium,be,1,Yes,Categorize existing one,5430000021753,To do,
en:cooked-unsalted-dried-pasta,Luxembourg,en:luxembourg,lu,1,Yes,Categorize existing one,,To do,
en:bolognese-style-pasta,Italy,en:italy,it,1,Yes,Categorize existing one,26306766,To do,
en:fresh-cooked-unsalted-egg-pasta,Finland,en:finland,fi,1,Yes,Categorize existing one,,To do,
en:fresh-cooked-unsalted-egg-pasta,Hungary,en:hungary,hu,1,Yes,Categorize existing one,,To do,
en:fresh-cooked-unsalted-egg-pasta,Latvia,en:latvia,lv,1,Yes,Categorize existing one,,To do,
en:fresh-cooked-unsalted-egg-pasta,Lithuania,en:lithuania,lt,1,Yes,Categorize existing one,,To do,
en:fresh-cooked-unsalted-egg-pasta,Portugal,en:portugal,pt,1,Yes,Categorize existing one,,To do,
en:stuffed-pastas,Austria,en:austria,at,1,Yes,Categorize existing one,4061459474039,To do,
en:pizzas-pies-and-quiches,United Kingdom,en:united-kingdom,uk,1,Yes,Categorize existing one,5060198643156,To do,
en:pizzas-pies-and-quiches,France,en:france,fr,1,Yes,Categorize existing one,3242272346050,To do,
en:pizzas-pies-and-quiches,Sweden,en:sweden,sv,1,Yes,Categorize existing one,7310240071870,To do,
en:pizzas,Switzerland,en:switzerland,ch,1,Yes,Categorize existing one,4260414151378,To do,
en:margherita-pizzas,Switzerland,en:switzerland,ch,1,Yes,Categorize existing one,4260414151378,To do,
en:frozen-pizzas,Switzerland,en:switzerland,ch,1,Yes,Categorize existing one,4001724819806,To do,
en:cheese-pizzas,Switzerland,en:switzerland,ch,1,Yes,Categorize existing one,4001724819806,To do,
en:cheese-and-mushrooms-pizza,Switzerland,en:switzerland,ch,1,Yes,Categorize existing one,7611654693321,To do,
en:frozen-pizzas-and-pies,Switzerland,en:switzerland,ch,1,Yes,Categorize existing one,7627535126994,To do,
en:goat-cheese-and-bacon-pizzas,Switzerland,en:switzerland,ch,1,Yes,Categorize existing one,3242273200054,To do,
en:salted-pies,Switzerland,en:switzerland,ch,1,Yes,Categorize existing one,20679583,To do,
en:goat-cheese-and-spinach-tart,Switzerland,en:switzerland,ch,1,Yes,Categorize existing one,3248830691624,To do,
en:cheese-pies,Switzerland,en:switzerland,ch,1,Yes,Categorize existing one,3248830085010,To do,
en:Calzone,Switzerland,en:switzerland,ch,0,Yes,Categorize existing one,,To do,
en:Calzones au fromage,Switzerland,en:switzerland,ch,0,Yes,Categorize existing one,,To do,
en:fresh-pizzas-pies-and-quiches,Switzerland,en:switzerland,ch,1,Yes,Categorize existing one,,To do,
en:maroilles-tarts,Switzerland,en:switzerland,ch,1,Yes,Categorize existing one,,To do,
en:regina-pizza,Denmark,en:denmark,dk,1,Yes,Categorize existing one,,To do,
en:pizzas,Switzerland,en:switzerland,ch,1,Yes,Categorize existing one,4260414151378,To do,
en:chorizo-pizzas,Switzerland,en:switzerland,ch,1,Yes,Categorize existing one,7613356083936,To do,
en:ham-pizzas,Switzerland,en:switzerland,ch,1,Yes,Categorize existing one,7610848743354,To do,
en:pizza-with-ham-and-cheese,Switzerland,en:switzerland,ch,1,Yes,Categorize existing one,7610848743354,To do,
en:lorraine-quiche,Switzerland,en:switzerland,ch,1,Yes,Categorize existing one,3248830000587,To do,
en:quiches,Switzerland,en:switzerland,ch,1,Yes,Categorize existing one,3248830000587,To do,
en:frozen-pizzas,Switzerland,en:switzerland,ch,1,Yes,Categorize existing one,4001724819806,To do,
en:frozen-pizzas,United Kingdom,en:united-kingdom,uk,1,Yes,Categorize existing one,4001724042105,To do,
en:pepperoni-pizzas,Switzerland,en:switzerland,ch,1,Yes,Categorize existing one,7627535126994,To do,
en:flammekueche,Switzerland,en:switzerland,ch,1,Yes,Categorize existing one,7624841884853,To do,
en:pizzas,United Kingdom,en:united-kingdom,uk,1,Yes,Categorize existing one,5060198643156,To do,
en:goat-cheese-and-bacon-pizzas,Switzerland,en:switzerland,ch,1,Yes,Categorize existing one,3242273200054,To do,
en:salted-pies,Switzerland,en:switzerland,ch,1,Yes,Categorize existing one,20679583,To do,
en:kebab-pizzas,Switzerland,en:switzerland,ch,1,Yes,Categorize existing one,3248830719656,To do,
en:pepperoni-pizzas,United Kingdom,en:united-kingdom,uk,1,Yes,Categorize existing one,5024530005316,To do,
en:flammekueche,United Kingdom,en:united-kingdom,uk,1,Yes,Categorize existing one,20169961,To do,
en:kebab-pizzas,United Kingdom,en:united-kingdom,uk,1,Yes,Categorize existing one,5051873005291,To do,
en:fresh-pizzas-pies-and-quiches,United Kingdom,en:united-kingdom,uk,1,Yes,Categorize existing one,5010525425917,To do,
en:regina-pizza,Switzerland,en:switzerland,ch,1,Yes,Categorize existing one,4001724015604,To do,
en:cheese-and-onion-pizza-with-lardoons,Switzerland,en:switzerland,ch,1,Yes,Categorize existing one,7613404378908,To do,
en:salted-pies,United Kingdom,en:united-kingdom,uk,1,Yes,Categorize existing one,5060045388384,To do,
en:quiches,United Kingdom,en:united-kingdom,uk,1,Yes,Categorize existing one,5060136250194,To do,
en:chicken-pizza,Switzerland,en:switzerland,ch,1,Yes,Categorize existing one,4001724820000,To do,
en:lorraine-quiche,United Kingdom,en:united-kingdom,uk,1,Yes,Categorize existing one,5060136250170,To do,
en:chicken-pizza,United Kingdom,en:united-kingdom,uk,1,Yes,Categorize existing one,29408443,To do,
en:chorizo-pizzas,United Kingdom,en:united-kingdom,uk,1,Yes,Categorize existing one,29408405,To do,
en:pizza-with-raclette-cheese-and-lardoons,Switzerland,en:switzerland,ch,1,Yes,Categorize existing one,3242273050154,To do,
en:ham-pizzas,United Kingdom,en:united-kingdom,uk,1,Yes,Categorize existing one,256513,To do,
en:pizza-with-ham-and-cheese,United Kingdom,en:united-kingdom,uk,1,Yes,Categorize existing one,256568,To do,
en:fresh-pizzas-pies-and-quiches,Switzerland,en:switzerland,ch,1,Yes,Categorize existing one,,To do,
en:Calzone,Switzerland,en:switzerland,ch,0,Yes,Categorize existing one,,To do,
en:Calzones au jambon,Switzerland,en:switzerland,ch,0,Yes,Categorize existing one,,To do,
en:Calzones au poulet,Switzerland,en:switzerland,ch,0,Yes,Categorize existing one,,To do,
en:Calzones jambon fromage,Switzerland,en:switzerland,ch,0,Yes,Categorize existing one,,To do,
en:Calzones peperoni,Switzerland,en:switzerland,ch,0,Yes,Categorize existing one,,To do,
en:Calzone,United Kingdom,en:united-kingdom,uk,0,Yes,Categorize existing one,,To do,
en:Calzones au jambon,United Kingdom,en:united-kingdom,uk,0,Yes,Categorize existing one,,To do,
en:Calzones au poulet,United Kingdom,en:united-kingdom,uk,0,Yes,Categorize existing one,,To do,
en:Calzones jambon fromage,United Kingdom,en:united-kingdom,uk,0,Yes,Categorize existing one,,To do,
en:Calzones peperoni,United Kingdom,en:united-kingdom,uk,0,Yes,Categorize existing one,,To do,
en:cheese-and-onion-pizza-with-lardoons,United Kingdom,en:united-kingdom,uk,1,Yes,Categorize existing one,,To do,
en:pizza-with-raclette-cheese-and-lardoons,United Kingdom,en:united-kingdom,uk,1,Yes,Categorize existing one,,To do,
en:goat-cheese-and-bacon-pizzas,United Kingdom,en:united-kingdom,uk,1,Yes,Categorize existing one,,To do,
en:regina-pizza,United Kingdom,en:united-kingdom,uk,1,Yes,Categorize existing one,,To do,
en:pizzas,Italy,en:italy,it,1,Yes,Categorize existing one,8015673029779,To do,
en:pizzas,Luxembourg,en:luxembourg,lu,1,Yes,Categorize existing one,3350031937736,To do,
en:pizzas,Ireland,en:ireland,ie,1,Yes,Categorize existing one,4056489462200,To do,
en:pizzas,Poland,en:poland,pl,1,Yes,Categorize existing one,20490706,To do,
en:pizzas,Belgium,en:belgium,be,1,Yes,Categorize existing one,8001240101016,To do,
en:pizzas,Austria,en:austria,at,1,Yes,Categorize existing one,4001724038993,To do,
en:pizzas,Montenegro,en:montenegro,me,1,Yes,Categorize existing one,,To do,
en:potato-dishes,Romania,en:romania,ro,1,Yes,Categorize existing one,4045800460001,To do,
en:potato-dishes,Hungary,en:hungary,hu,1,Yes,Categorize existing one,,To do,
en:potato-dishes,Portugal,en:portugal,pt,1,Yes,Categorize existing one,,To do,
en:potato-dishes,Slovenia,en:slovenia,sv,1,Yes,Categorize existing one,,To do,
en:potato-dishes,Denmark,en:denmark,dk,1,Yes,Categorize existing one,5704000476258,To do,
en:potatoes,Denmark,en:denmark,dk,1,Yes,Categorize existing one,5410153609770,To do,
en:prepared-potatoes,Denmark,en:denmark,dk,1,Yes,Categorize existing one,5712873466689,To do,
en:boiled-or-steamed-potatoes,Denmark,en:denmark,dk,1,Yes,Categorize existing one,5712873466689,To do,
en:frozen-potatoes,Denmark,en:denmark,dk,1,Yes,Categorize existing one,,To do,
en:potato-gratin,Italy,en:italy,it,1,Yes,Categorize existing one,3560071493882,To do,
en:pure-mashed-potatoes,Hungary,en:hungary,hu,1,Yes,Categorize existing one,,To do,
en:pure-mashed-potatoes,Sweden,en:sweden,sv,1,Yes,Categorize existing one,,To do,
en:mashed-potatoes,Romania,en:romania,ro,1,Yes,Categorize existing one,8001080030743,To do,
en:mashed-potatoes,Latvia,en:latvia,lv,1,Yes,Categorize existing one,4750127300748,To do,
en:mashed-potatoes,Luxembourg,en:luxembourg,lu,1,Yes,Categorize existing one,4000400124968,To do,
en:mashed-potatoes,Belgium,en:belgium,be,1,Yes,Categorize existing one,5400113678519,To do,
en:mashed-potatoes,Denmark,en:denmark,dk,1,Yes,Categorize existing one,8711327416192,To do,
en:mashed-potatoes,Croatia,en:croatia,hr,1,Yes,Categorize existing one,,To do,
en:mashed-potatoes,Estonia,en:estonia,ee,1,Yes,Categorize existing one,,To do,
en:mashed-potatoes,Lithuania,en:lithuania,lt,1,Yes,Categorize existing one,,To do,
en:mashed-potatoes,Montenegro,en:montenegro,me,1,Yes,Categorize existing one,,To do,
en:potato-dishes,Switzerland,en:switzerland,ch,1,Yes,Categorize existing one,7624841866125,To do,
en:potato-dishes,Netherlands,en:netherlands,nl,1,Yes,Categorize existing one,8718989047979,To do,
en:potato-dishes,Portugal,en:portugal,pt,1,Yes,Categorize existing one,,To do,
en:quiches,France,en:france,fr,1,Yes,Categorize existing one,3248830000587,To do,
en:ratatouille,Switzerland,en:switzerland,ch,1,Yes,Categorize existing one,3083680901024,To do,
en:vegetable-risottos,Portugal,en:portugal,pt,1,Yes,Categorize existing one,5601312102977,To do,
en:rice-dishes,Hungary,en:hungary,hu,1,Yes,Categorize existing one,20147471,To do,
en:rice-dishes,Portugal,en:portugal,pt,1,Yes,Categorize existing one,3083681163155,To do,
en:rice-flours,Montenegro,en:montenegro,me,1,Yes,Categorize existing one,,To do,
en:meals,United Kingdom,en:united-kingdom,uk,1,Yes,Categorize existing one,5018095011271,To do,
en:microwave-meals,United Kingdom,en:united-kingdom,uk,1,Yes,Categorize existing one,5018095196596,To do,
en:prepared-rices,United Kingdom,en:united-kingdom,uk,1,Yes,Categorize existing one,4088600043340,To do,
en:rice-dishes,United Kingdom,en:united-kingdom,uk,1,Yes,Categorize existing one,5011157888101,To do,
en:ready-to-eat-combination-meals,United Kingdom,en:united-kingdom,uk,1,Yes,Categorize existing one,5035272609588,To do,
en:pan-fried-meat-and-vegetable-mixes,United Kingdom,en:united-kingdom,uk,1,Yes,Categorize existing one,4904621051181,To do,
en:frozen-ready-made-meals,United Kingdom,en:united-kingdom,uk,1,Yes,Categorize existing one,5056297000051,To do,
en:rice-in-pots,United Kingdom,en:united-kingdom,uk,1,Yes,Categorize existing one,5010034014152,To do,
en:canned-meals,United Kingdom,en:united-kingdom,uk,1,Yes,Categorize existing one,5060430292760,To do,
en:vegetable-risottos,United Kingdom,en:united-kingdom,uk,1,Yes,Categorize existing one,5391511421442,To do,
en:meals-with-meat,United Kingdom,en:united-kingdom,uk,1,Yes,Categorize existing one,10001295,To do,
en:pan-fried-dishes,United Kingdom,en:united-kingdom,uk,1,Yes,Categorize existing one,659741,To do,
en:veal-risottos,United Kingdom,en:united-kingdom,uk,1,Yes,Categorize existing one,,To do,
en:risottos,Switzerland,en:switzerland,ch,1,Yes,Categorize existing one,7610809058121,To do,
en:rostis,Switzerland,en:switzerland,ch,1,Yes,Categorize existing one,7616800460307,To do,
en:rostis,Latvia,en:latvia,lv,1,Yes,Categorize existing one,,To do,
en:rostis,Lithuania,en:lithuania,lt,1,Yes,Categorize existing one,,To do,
en:sandwiches,United Kingdom,en:united-kingdom,uk,1,Yes,Categorize existing one,5022824240061,To do,
en:sandwiches,Netherlands,en:netherlands,nl,1,Yes,Categorize existing one,2260502003505,To do,
en:wraps,Luxembourg,en:luxembourg,lu,1,Yes,Categorize existing one,5425015408187,To do,
en:wraps,Belgium,en:belgium,be,1,Yes,Categorize existing one,5412514936914,To do,
en:wraps,Sweden,en:sweden,sv,1,Yes,Categorize existing one,7340138809650,To do,
en:wraps,France,en:france,fr,1,Yes,Categorize existing one,8710637105352,To do,
en:sandwiches,Denmark,en:denmark,dk,1,Yes,Categorize existing one,7340138813503,To do,
en:hot-dog-sandwiches,Switzerland,en:switzerland,ch,1,Yes,Categorize existing one,5010431600286,To do,
en:poultry-sandwiches,Switzerland,en:switzerland,ch,1,Yes,Categorize existing one,7610029192728,To do,
en:baguette-sandwiches-with-dry-sausage-and-butter,Switzerland,en:switzerland,ch,1,Yes,Categorize existing one,7610381423652,To do,
en:ham-and-cheese-sandwiches,Switzerland,en:switzerland,ch,1,Yes,Categorize existing one,7610807001419,To do,
en:sandwiches-with-ham-and-emmental-cheese-and-butter,Switzerland,en:switzerland,ch,1,Yes,Categorize existing one,4061463014276,To do,
en:paninis,Switzerland,en:switzerland,ch,1,Yes,Categorize existing one,3029330003830,To do,
en:sandwiches-filled-with-cold-cuts,Switzerland,en:switzerland,ch,1,Yes,Categorize existing one,7613404728413,To do,
en:sandwiches,Switzerland,en:switzerland,ch,1,Yes,Categorize existing one,4056489983507,To do,
en:baguette-sandwich-with-merguez-sausage,Switzerland,en:switzerland,ch,1,Yes,Categorize existing one,,To do,
en:baguette-sandwiches-with-and-turkey-and-vegetables-and-mayonnaise,Switzerland,en:switzerland,ch,1,Yes,Categorize existing one,,To do,
en:baguette-sandwiches-with-ham-and-butter,Switzerland,en:switzerland,ch,1,Yes,Categorize existing one,,To do,
en:baguette-sandwiches-with-ham-and-emmental-cheese,Switzerland,en:switzerland,ch,1,Yes,Categorize existing one,,To do,
en:baguette-sandwiches-with-ham-emmental-cheese-and-butter,Switzerland,en:switzerland,ch,1,Yes,Categorize existing one,,To do,
en:baguette-sandwiches-with-salami-and-butter,Switzerland,en:switzerland,ch,1,Yes,Categorize existing one,,To do,
en:sandwich-made-with-panini-bread-raw-cured-ham-mozzarella-cheese-and-tomato,Switzerland,en:switzerland,ch,1,Yes,Categorize existing one,,To do,
en:sandwiches-with-ham-and-emmental-cheese,Switzerland,en:switzerland,ch,1,Yes,Categorize existing one,,To do,
en:blt-sandwich,Switzerland,en:switzerland,ch,1,Yes,Categorize existing one,,To do,
en:sandwich-with-pate-and-pickles,Switzerland,en:switzerland,ch,1,Yes,Categorize existing one,,To do,
en:grilled-cheese-ham-sandwich-prepacked,Switzerland,en:switzerland,ch,1,Yes,Categorize existing one,,To do,
en:Panini au poulet,Switzerland,en:switzerland,ch,0,Yes,Categorize existing one,,To do,
en:sandwiches,Slovakia,en:slovakia,sk,1,Yes,Categorize existing one,8588008810132,To do,
en:sandwiches,Czech Republic,en:czech-republic,cs,1,Yes,Categorize existing one,8588008810293,To do,
en:mini-sausage-rolls,United Kingdom,en:united-kingdom,uk,1,Yes,Categorize existing one,5060136251221,To do,
en:salted-pies,Latvia,en:latvia,lv,1,Yes,Categorize existing one,,To do,
en:salted-pies,Montenegro,en:montenegro,me,1,Yes,Categorize existing one,,To do,
en:vegetables-based-foods,Croatia,en:croatia,hr,1,Yes,Categorize existing one,3850104053221,To do,
en:vegetables-based-foods,France,en:france,fr,1,Yes,Categorize existing one,3083681095296,To do,
en:vegetables-based-foods,Switzerland,en:switzerland,ch,1,Yes,Categorize existing one,8002510014005,To do,
en:vegetables-based-foods,Denmark,en:denmark,dk,1,Yes,Categorize existing one,5705830017840,To do,
en:vegetables-based-foods,Portugal,en:portugal,pt,1,Yes,Categorize existing one,5607238033845,To do,
en:vegetables-based-foods,Poland,en:poland,pl,1,Yes,Categorize existing one,5901713020307,To do,
en:vegetables-based-foods,Estonia,en:estonia,ee,1,Yes,Categorize existing one,3083680025881,To do,
en:vegetables-based-foods,Montenegro,en:montenegro,me,1,Yes,Categorize existing one,3830003051184,To do,
en:vegetables-based-foods,Romania,en:romania,ro,1,Yes,Categorize existing one,8715700421469,To do,
en:vegetables-based-foods,Hungary,en:hungary,hu,1,Yes,Categorize existing one,20186289,To do,
en:vegetables-based-foods,Slovenia,en:slovenia,sv,1,Yes,Categorize existing one,3831029509284,To do,
en:vegetables-based-foods,Italy,en:italy,it,1,Yes,Categorize existing one,80042563,To do,
en:vegetable-gratins,Denmark,en:denmark,dk,1,Yes,Categorize existing one,,To do,
en:vegetable-gratins,Denmark,en:denmark,dk,1,Yes,Categorize existing one,,To do,
en:vegetable-sauces,Ireland,en:ireland,ie,1,Yes,Categorize existing one,4337256045971,To do,
en:vegetable-sauces,Slovenia,en:slovenia,sv,1,Yes,Categorize existing one,3831029511317,To do,
en:vegetable-sauces,Denmark,en:denmark,dk,1,Yes,Categorize existing one,,To do,
en:vegetable-sauces,Serbia,en:serbia,rs,1,Yes,Categorize existing one,,To do,
en:crisps,Norway,en:norway,no,1,Yes,Categorize existing one,7071688004713,To do,
en:crisps,Sweden,en:sweden,sv,1,Yes,Categorize existing one,7310130010354,To do,
en:cereal-bars,United Kingdom,en:united-kingdom,uk,1,Yes,Categorize existing one,5060482840179,To do,
en:crisps-made-from-reconstituted-potato,United Kingdom,en:united-kingdom,uk,1,Yes,Categorize existing one,51000646,To do,
en:potato-crisps,Netherlands,en:netherlands,nl,1,Yes,Categorize existing one,8710398160881,To do,
en:potato-crisps,Czech Republic,en:czech-republic,cs,1,Yes,Categorize existing one,8594014630022,To do,
en:potato-crisps,Slovakia,en:slovakia,sk,1,Yes,Categorize existing one,8586009039255,To do,
en:potato-crisps,Croatia,en:croatia,hr,1,Yes,Categorize existing one,3856021300646,To do,
en:potato-crisps,Denmark,en:denmark,dk,1,Yes,Categorize existing one,7310532104453,To do,
en:potato-crisps,Belgium,en:belgium,be,1,Yes,Categorize existing one,8710398160829,To do,
en:potato-crisps,Spain,en:spain,es,1,Yes,Categorize existing one,8480000053985,To do,
en:potato-crisps,Luxembourg,en:luxembourg,lu,1,Yes,Categorize existing one,5450322025444,To do,
en:potato-crisps,Ireland,en:ireland,ie,1,Yes,Categorize existing one,5053990179039,To do,
en:potato-crisps,Montenegro,en:montenegro,me,1,Yes,Categorize existing one,3856021304668,To do,
en:dehydrated-cereals-and-vegetables-soup,Italy,en:italy,it,1,Yes,Categorize existing one,8001860257773,To do,
en:fermented-cereal-soup,Italy,en:italy,it,1,Yes,Categorize existing one,,To do,
en:moroccan-soups,Romania,en:romania,ro,1,Yes,Categorize existing one,,To do,
en:soups,Lithuania,en:lithuania,lt,1,Yes,Categorize existing one,8801073116467,To do,
en:soups,Latvia,en:latvia,lv,1,Yes,Categorize existing one,4820179256918,To do,
en:fruit-salads,Switzerland,en:switzerland,ch,1,Yes,Categorize existing one,7613404210499,To do,
en:fruit-salads,Germany,en:germany,de,1,Yes,Categorize existing one,4337256733892,To do,
en:fruit-based-foods-prepared,Finland,en:finland,fi,1,Yes,Categorize existing one,,To do,
en:prepared-salads,Denmark,en:denmark,dk,1,Yes,Categorize existing one,5701295292990,To do,
en:bean-soups,Hungary,en:hungary,hu,1,Yes,Categorize existing one,,To do,
en:chicken-and-vegetables-soup,Estonia,en:estonia,ee,1,Yes,Categorize existing one,,To do,
en:chicken-and-vegetables-soup,Hungary,en:hungary,hu,1,Yes,Categorize existing one,,To do,
en:chicken-and-vegetables-soup,Montenegro,en:montenegro,me,1,Yes,Categorize existing one,,To do,
en:chicken-and-vegetables-soup,Poland,en:poland,pl,1,Yes,Categorize existing one,,To do,
en:chicken-and-vegetables-soup,Slovenia,en:slovenia,sv,1,Yes,Categorize existing one,,To do,
en:chicken-and-vegetables-soup,Romania,en:romania,ro,1,Yes,Categorize existing one,,To do,
en:canned-soups,Romania,en:romania,ro,1,Yes,Categorize existing one,,To do,
en:dehydrated-soup-with-chicken-and-vegetables,Romania,en:romania,ro,1,Yes,Categorize existing one,,To do,
en:liquid-chicken-broths,Germany,en:germany,de,1,Yes,Categorize existing one,4009062800029,To do,
en:veal-stock,Germany,en:germany,de,1,Yes,Categorize existing one,4007680105304,To do,
en:beef-broth,Germany,en:germany,de,1,Yes,Categorize existing one,4337256760027,To do,
en:chicken-soups,Germany,en:germany,de,1,Yes,Categorize existing one,7613037683561,To do,
en:chicken-soups,Slovenia,en:slovenia,sv,1,Yes,Categorize existing one,8712100867682,To do,
en:dehydrated-meat-and-vegetables-broth-stock,Germany,en:germany,de,1,Yes,Categorize existing one,7613031218004,To do,
en:chicken-and-vegetables-soup,Germany,en:germany,de,1,Yes,Categorize existing one,4008002000116,To do,
en:dehydrated-broth-with-meat-and-vegetables,Germany,en:germany,de,1,Yes,Categorize existing one,8712100867620,To do,
en:poultry-broth,Germany,en:germany,de,1,Yes,Categorize existing one,4104420025905,To do,
en:mutton-broth,Germany,en:germany,de,1,Yes,Categorize existing one,,To do,
en:dehydrated-meat-and-vegetables-with-fat-broth-stock,Germany,en:germany,de,1,Yes,Categorize existing one,,To do,
en:chorba-frik-soup-with-meat-and-frik,Germany,en:germany,de,1,Yes,Categorize existing one,,To do,
en:offals-soup,Germany,en:germany,de,1,Yes,Categorize existing one,,To do,
en:mutton-broth,Latvia,en:latvia,lv,1,Yes,Categorize existing one,,To do,
en:poultry-broth,Latvia,en:latvia,lv,1,Yes,Categorize existing one,,To do,
en:veal-stock,Latvia,en:latvia,lv,1,Yes,Categorize existing one,,To do,
en:liquid-chicken-broths,Latvia,en:latvia,lv,1,Yes,Categorize existing one,,To do,
en:beef-broth,Latvia,en:latvia,lv,1,Yes,Categorize existing one,,To do,
en:chicken-and-vegetables-soup,Latvia,en:latvia,lv,1,Yes,Categorize existing one,,To do,
en:dehydrated-broth-with-meat-and-vegetables,Latvia,en:latvia,lv,1,Yes,Categorize existing one,,To do,
en:dehydrated-meat-and-vegetables-broth-stock,Latvia,en:latvia,lv,1,Yes,Categorize existing one,,To do,
en:dehydrated-meat-and-vegetables-with-fat-broth-stock,Latvia,en:latvia,lv,1,Yes,Categorize existing one,,To do,
en:chicken-soups,Latvia,en:latvia,lv,1,Yes,Categorize existing one,,To do,
en:chorba-frik-soup-with-meat-and-frik,Latvia,en:latvia,lv,1,Yes,Categorize existing one,,To do,
en:offals-soup,Latvia,en:latvia,lv,1,Yes,Categorize existing one,,To do,
en:mutton-broth,Lithuania,en:lithuania,lt,1,Yes,Categorize existing one,,To do,
en:poultry-broth,Lithuania,en:lithuania,lt,1,Yes,Categorize existing one,,To do,
en:veal-stock,Lithuania,en:lithuania,lt,1,Yes,Categorize existing one,,To do,
en:liquid-chicken-broths,Lithuania,en:lithuania,lt,1,Yes,Categorize existing one,,To do,
en:beef-broth,Lithuania,en:lithuania,lt,1,Yes,Categorize existing one,,To do,
en:chicken-and-vegetables-soup,Lithuania,en:lithuania,lt,1,Yes,Categorize existing one,,To do,
en:dehydrated-broth-with-meat-and-vegetables,Lithuania,en:lithuania,lt,1,Yes,Categorize existing one,,To do,
en:dehydrated-meat-and-vegetables-broth-stock,Lithuania,en:lithuania,lt,1,Yes,Categorize existing one,,To do,
en:dehydrated-meat-and-vegetables-with-fat-broth-stock,Lithuania,en:lithuania,lt,1,Yes,Categorize existing one,,To do,
en:chicken-soups,Lithuania,en:lithuania,lt,1,Yes,Categorize existing one,,To do,
en:chorba-frik-soup-with-meat-and-frik,Lithuania,en:lithuania,lt,1,Yes,Categorize existing one,,To do,
en:offals-soup,Lithuania,en:lithuania,lt,1,Yes,Categorize existing one,,To do,
en:mutton-broth,Montenegro,en:montenegro,me,1,Yes,Categorize existing one,,To do,
en:poultry-broth,Montenegro,en:montenegro,me,1,Yes,Categorize existing one,,To do,
en:veal-stock,Montenegro,en:montenegro,me,1,Yes,Categorize existing one,,To do,
en:liquid-chicken-broths,Montenegro,en:montenegro,me,1,Yes,Categorize existing one,,To do,
en:beef-broth,Montenegro,en:montenegro,me,1,Yes,Categorize existing one,,To do,
en:chicken-and-vegetables-soup,Montenegro,en:montenegro,me,1,Yes,Categorize existing one,,To do,
en:dehydrated-broth-with-meat-and-vegetables,Montenegro,en:montenegro,me,1,Yes,Categorize existing one,,To do,
en:dehydrated-meat-and-vegetables-broth-stock,Montenegro,en:montenegro,me,1,Yes,Categorize existing one,,To do,
en:dehydrated-meat-and-vegetables-with-fat-broth-stock,Montenegro,en:montenegro,me,1,Yes,Categorize existing one,,To do,
en:chicken-soups,Montenegro,en:montenegro,me,1,Yes,Categorize existing one,,To do,
en:chorba-frik-soup-with-meat-and-frik,Montenegro,en:montenegro,me,1,Yes,Categorize existing one,,To do,
en:offals-soup,Montenegro,en:montenegro,me,1,Yes,Categorize existing one,,To do,
en:mutton-broth,Slovenia,en:slovenia,sv,1,Yes,Categorize existing one,,To do,
en:poultry-broth,Slovenia,en:slovenia,sv,1,Yes,Categorize existing one,,To do,
en:veal-stock,Slovenia,en:slovenia,sv,1,Yes,Categorize existing one,,To do,
en:liquid-chicken-broths,Slovenia,en:slovenia,sv,1,Yes,Categorize existing one,,To do,
en:beef-broth,Slovenia,en:slovenia,sv,1,Yes,Categorize existing one,,To do,
en:chicken-and-vegetables-soup,Slovenia,en:slovenia,sv,1,Yes,Categorize existing one,,To do,
en:dehydrated-broth-with-meat-and-vegetables,Slovenia,en:slovenia,sv,1,Yes,Categorize existing one,,To do,
en:dehydrated-meat-and-vegetables-broth-stock,Slovenia,en:slovenia,sv,1,Yes,Categorize existing one,,To do,
en:dehydrated-meat-and-vegetables-with-fat-broth-stock,Slovenia,en:slovenia,sv,1,Yes,Categorize existing one,,To do,
en:chorba-frik-soup-with-meat-and-frik,Slovenia,en:slovenia,sv,1,Yes,Categorize existing one,,To do,
en:offals-soup,Slovenia,en:slovenia,sv,1,Yes,Categorize existing one,,To do,
en:chicken-soups,Germany,en:germany,de,1,Yes,Categorize existing one,7613037683561,To do,
en:chicken-soups,Denmark,en:denmark,dk,1,Yes,Categorize existing one,,To do,
en:offals-soup,Romania,en:romania,ro,1,Yes,Categorize existing one,,To do,
en:chicken-soups,Romania,en:romania,ro,1,Yes,Categorize existing one,,To do,
en:dehydrated-soup-with-chicken-and-vegetables,Romania,en:romania,ro,1,Yes,Categorize existing one,,To do,
en:mix-of-salad-leaves,Sweden,en:sweden,sv,1,Yes,Categorize existing one,7340083466854,To do,
en:mix-of-salad-leaves,Denmark,en:denmark,dk,1,Yes,Categorize existing one,,To do,
en:mix-of-salad-leaves,Germany,en:germany,de,1,Yes,Categorize existing one,,To do,
en:mix-of-salad-leaves,Slovenia,en:slovenia,sv,1,Yes,Categorize existing one,,To do,
en:mix-of-salad-leaves,United Kingdom,en:united-kingdom,uk,1,Yes,Categorize existing one,,To do,
en:vegetable-salads,Poland,en:poland,pl,1,Yes,Categorize existing one,5902166397862,To do,
en:vegetable-salads,United Kingdom,en:united-kingdom,uk,1,Yes,Categorize existing one,5054781557500,To do,
en:vegetable-salads,Finland,en:finland,fi,1,Yes,Categorize existing one,5906013002091,To do,
en:vegetable-salads,Italy,en:italy,it,1,Yes,Categorize existing one,8004030352414,To do,
en:vegetable-salads,Belgium,en:belgium,be,1,Yes,Categorize existing one,5400112351321,To do,
en:vegetable-salads,Switzerland,en:switzerland,ch,1,Yes,Categorize existing one,7613331284792,To do,
en:vegetable-salads,Germany,en:germany,de,1,Yes,Categorize existing one,4316268457736,To do,
en:vegetable-salads,Romania,en:romania,ro,1,Yes,Categorize existing one,4056489165385,To do,
en:vegetable-salads,Luxembourg,en:luxembourg,lu,1,Yes,Categorize existing one,9977739,To do,
en:vegetable-salads,Croatia,en:croatia,hr,1,Yes,Categorize existing one,,To do,
en:vegetable-salads,Denmark,en:denmark,dk,1,Yes,Categorize existing one,,To do,
en:vegetable-salads,Estonia,en:estonia,ee,1,Yes,Categorize existing one,,To do,
en:vegetable-salads,Ireland,en:ireland,ie,1,Yes,Categorize existing one,,To do,
en:vegetable-salads,Latvia,en:latvia,lv,1,Yes,Categorize existing one,,To do,
en:vegetable-salads,Lithuania,en:lithuania,lt,1,Yes,Categorize existing one,,To do,
en:vegetable-salads,Montenegro,en:montenegro,me,1,Yes,Categorize existing one,,To do,
en:vegetable-salads,Portugal,en:portugal,pt,1,Yes,Categorize existing one,,To do,
en:vegetable-salads,Slovenia,en:slovenia,sv,1,Yes,Categorize existing one,,To do,
en:vegetable-salads,Austria,en:austria,at,1,Yes,Categorize existing one,4061461665838,To do,
en:reheatable-mixed-vegetables-soup,Switzerland,en:switzerland,ch,1,Yes,Categorize existing one,7627536088741,To do,
en:reheatable-mixed-vegetables-soup,Belgium,en:belgium,be,1,Yes,Categorize existing one,8710522617038,To do,
en:reheatable-mixed-vegetables-soup,Austria,en:austria,at,1,Yes,Categorize existing one,4061298298353,To do,
en:reheatable-mixed-vegetables-soup,Latvia,en:latvia,lv,1,Yes,Categorize existing one,4750211790813,To do,
en:reheatable-mixed-vegetables-soup,Croatia,en:croatia,hr,1,Yes,Categorize existing one,,To do,
en:reheatable-mixed-vegetables-soup,Hungary,en:hungary,hu,1,Yes,Categorize existing one,,To do,
en:reheatable-mixed-vegetables-soup,Ireland,en:ireland,ie,1,Yes,Categorize existing one,,To do,
en:reheatable-mixed-vegetables-soup,Lithuania,en:lithuania,lt,1,Yes,Categorize existing one,,To do,
en:reheatable-mixed-vegetables-soup,Luxembourg,en:luxembourg,lu,1,Yes,Categorize existing one,,To do,
en:reheatable-mixed-vegetables-soup,Netherlands,en:netherlands,nl,1,Yes,Categorize existing one,,To do,
en:reheatable-mixed-vegetables-soup,Poland,en:poland,pl,1,Yes,Categorize existing one,,To do,
en:reheatable-mixed-vegetables-soup,Portugal,en:portugal,pt,1,Yes,Categorize existing one,,To do,
en:reheatable-mixed-vegetables-soup,Romania,en:romania,ro,1,Yes,Categorize existing one,,To do,
en:reheatable-mixed-vegetables-soup,Slovenia,en:slovenia,sv,1,Yes,Categorize existing one,,To do,
en:dehydrated-mixed-vegetables-soup,Germany,en:germany,de,1,Yes,Categorize existing one,,To do,
en:dehydrated-mixed-vegetables-soup,Latvia,en:latvia,lv,1,Yes,Categorize existing one,,To do,
en:dehydrated-mixed-vegetables-soup,Lithuania,en:lithuania,lt,1,Yes,Categorize existing one,,To do,
en:reheatable-mixed-vegetables-soup,France,en:france,fr,1,Yes,Categorize existing one,3036815425070,To do,
en:salads-with-meat,Luxembourg,en:luxembourg,lu,1,Yes,Categorize existing one,5400119592901,To do,
en:prepared-salads,Luxembourg,en:luxembourg,lu,1,Yes,Categorize existing one,5407009901584,To do,
en:prepared-salads,Netherlands,en:netherlands,nl,1,Yes,Categorize existing one,8710506084443,To do,
en:salads-with-meat,Belgium,en:belgium,be,1,Yes,Categorize existing one,5411153008389,To do,
en:salads-with-fish,Denmark,en:denmark,dk,1,Yes,Categorize existing one,4250073453203,To do,
en:prepared-salads,Denmark,en:denmark,dk,1,Yes,Categorize existing one,5701295292990,To do,
en:salads-with-fish,Luxembourg,en:luxembourg,lu,1,Yes,Categorize existing one,5400501951293,To do,
en:salads-with-fish,Belgium,en:belgium,be,1,Yes,Categorize existing one,8004030022010,To do,
en:prepared-salads,Belgium,en:belgium,be,1,Yes,Categorize existing one,8004030022010,To do,
en:salads-with-fish,Netherlands,en:netherlands,nl,1,Yes,Categorize existing one,8004030022010,To do,
en:salads-with-meat,Netherlands,en:netherlands,nl,1,Yes,Categorize existing one,8710506039023,To do,
en:salads-with-meat,Denmark,en:denmark,dk,1,Yes,Categorize existing one,,To do,
en:potato-salads,Denmark,en:denmark,dk,1,Yes,Categorize existing one,5704000476258,To do,
en:potato-salads,Switzerland,en:switzerland,ch,1,Yes,Categorize existing one,7624841866125,To do,
en:potato-salads,Estonia,en:estonia,ee,1,Yes,Categorize existing one,,To do,
en:prepared-salads,Norway,en:norway,no,1,Yes,Categorize existing one,7032069739761,To do,
en:prepared-salads,Sweden,en:sweden,sv,1,Yes,Categorize existing one,7313161311360,To do,
en:leaf-salads,Italy,en:italy,it,1,Yes,Categorize existing one,8006862008491,To do,
en:leaf-salads,Denmark,en:denmark,dk,1,Yes,Categorize existing one,,To do,
en:leaf-salads,Hungary,en:hungary,hu,1,Yes,Categorize existing one,,To do,
en:leaf-salads,Montenegro,en:montenegro,me,1,Yes,Categorize existing one,,To do,
en:canned-soups,Switzerland,en:switzerland,ch,1,Yes,Categorize existing one,4104420142282,To do,
en:canned-soups,United Kingdom,en:united-kingdom,uk,1,Yes,Categorize existing one,5060430292760,To do,
en:canned-soups,Germany,en:germany,de,1,Yes,Categorize existing one,4037300108293,To do,
en:canned-soups,Ireland,en:ireland,ie,1,Yes,Categorize existing one,4400108012039,To do,
en:tomato-soups,Poland,en:poland,pl,1,Yes,Categorize existing one,5907180333568,To do,
en:canned-fishes,Sweden,en:sweden,sv,1,Yes,Categorize existing one,7318690499534,To do,
en:semi-preserved-anchovy-fillets-in-oil,Sweden,en:sweden,sv,1,Yes,Categorize existing one,,To do,
en:semi-preserved-anchovy-in-salt,Sweden,en:sweden,sv,1,Yes,Categorize existing one,,To do,
en:anchovy,Sweden,en:sweden,sv,1,Yes,Categorize existing one,,To do,
en:canned-mussels,Denmark,en:denmark,dk,1,Yes,Categorize existing one,,To do,
en:shelf-stable-prepared-aquatic-invertebrates,Denmark,en:denmark,dk,1,Yes,Categorize existing one,,To do,
en:canned-tunas,Cyprus,en:cyprus,cy,1,Yes,Categorize existing one,8004030348738,To do,
en:canned-tunas,France,en:france,fr,1,Yes,Categorize existing one,3019081239862,To do,
en:canned-tunas,Malta,en:malta,mt,1,Yes,Categorize existing one,8004320003033,To do,
en:canned-tunas,Portugal,en:portugal,pt,1,Yes,Categorize existing one,5601029004014,To do,
en:canned-tunas,Finland,en:finland,fi,1,Yes,Categorize existing one,6410405324092,To do,
en:canned-tunas,Belgium,en:belgium,be,1,Yes,Categorize existing one,4056489254683,To do,
en:canned-tunas,Croatia,en:croatia,hr,1,Yes,Categorize existing one,8004030345775,To do,
en:canned-tunas,Italy,en:italy,it,1,Yes,Categorize existing one,8017596004239,To do,
en:canned-tunas,Serbia,en:serbia,rs,1,Yes,Categorize existing one,3800078011574,To do,
en:canned-tunas,Spain,en:spain,es,1,Yes,Categorize existing one,8480000180186,To do,
en:canned-tunas,Denmark,en:denmark,dk,1,Yes,Categorize existing one,5701018047418,To do,
en:canned-tunas,Luxembourg,en:luxembourg,lu,1,Yes,Categorize existing one,4061458020244,To do,
en:canned-tunas,Montenegro,en:montenegro,me,1,Yes,Categorize existing one,,To do,
en:canned-fishes,Slovakia,en:slovakia,sk,1,Yes,Categorize existing one,8004030026018,To do,
en:canned-fishes,Czech Republic,en:czech-republic,cs,1,Yes,Categorize existing one,8004030860001,To do,
en:breaded-fish,Netherlands,en:netherlands,nl,1,Yes,Categorize existing one,8720195571568,To do,
en:fish-fingers,Netherlands,en:netherlands,nl,1,Yes,Categorize existing one,8720195571568,To do,
en:frozen-breaded-fish,Netherlands,en:netherlands,nl,1,Yes,Categorize existing one,,To do,
en:fish-rillettes,Norway,en:norway,no,1,Yes,Categorize existing one,,To do,
en:marinated-fish,Austria,en:austria,at,1,Yes,Categorize existing one,,To do,
en:marinated-fish,Denmark,en:denmark,dk,1,Yes,Categorize existing one,,To do,
en:pickled-herring,Germany,en:germany,de,1,Yes,Categorize existing one,4311596473533,To do,
en:herring,Germany,en:germany,de,1,Yes,Categorize existing one,4020500922011,To do,
en:marinated-mackerel,Czech Republic,en:czech-republic,cs,1,Yes,Categorize existing one,,To do,
en:marinated-anchovy-fillets,Czech Republic,en:czech-republic,cs,1,Yes,Categorize existing one,,To do,
en:marinated-fish,Czech Republic,en:czech-republic,cs,1,Yes,Categorize existing one,,To do,
en:marinated-mackerel,Slovakia,en:slovakia,sk,1,Yes,Categorize existing one,,To do,
en:marinated-anchovy-fillets,Slovakia,en:slovakia,sk,1,Yes,Categorize existing one,,To do,
en:marinated-fish,Slovakia,en:slovakia,sk,1,Yes,Categorize existing one,,To do,
en:salted-dried-cod,Portugal,en:portugal,pt,1,Yes,Categorize existing one,,To do,
en:herring,Lithuania,en:lithuania,lt,1,Yes,Categorize existing one,20544508,To do,
en:canned-herrings,Latvia,en:latvia,lv,1,Yes,Categorize existing one,4750571001413,To do,
en:herring,Latvia,en:latvia,lv,1,Yes,Categorize existing one,4750616001651,To do,
en:atlantic-herring,Latvia,en:latvia,lv,1,Yes,Categorize existing one,,To do,
en:smoked-atlantic-herring-fillet,Latvia,en:latvia,lv,1,Yes,Categorize existing one,,To do,
en:canned-herrings,Lithuania,en:lithuania,lt,1,Yes,Categorize existing one,,To do,
en:atlantic-herring,Lithuania,en:lithuania,lt,1,Yes,Categorize existing one,,To do,
en:smoked-atlantic-herring-fillet,Lithuania,en:lithuania,lt,1,Yes,Categorize existing one,,To do,
en:smoked-fishes,Lithuania,en:lithuania,lt,1,Yes,Categorize existing one,3337740046478,To do,
en:smoked-fishes,Latvia,en:latvia,lv,1,Yes,Categorize existing one,4750616001651,To do,
en:herring,Finland,en:finland,fi,1,Yes,Categorize existing one,20550813,To do,
en:smoked-herrings,Finland,en:finland,fi,1,Yes,Categorize existing one,,To do,
en:smoked-mackerels,Poland,en:poland,pl,1,Yes,Categorize existing one,5903895637441,To do,
en:eels,Denmark,en:denmark,dk,1,Yes,Categorize existing one,,To do,
en:smoked-eel,Denmark,en:denmark,dk,1,Yes,Categorize existing one,,To do,
en:smoked-salmons,Finland,en:finland,fi,1,Yes,Categorize existing one,2351413801769,To do,
en:smoked-salmons,Austria,en:austria,at,1,Yes,Categorize existing one,9003309100809,To do,
en:smoked-salmons,Denmark,en:denmark,dk,1,Yes,Categorize existing one,5701785391028,To do,
en:smoked-salmons,Sweden,en:sweden,sv,1,Yes,Categorize existing one,8055960921898,To do,
en:smoked-salmons,Norway,en:norway,no,1,Yes,Categorize existing one,7023539700718,To do,
en:smoked-salmons,Netherlands,en:netherlands,nl,1,Yes,Categorize existing one,8718452837175,To do,
en:smoked-salmons,Luxembourg,en:luxembourg,lu,1,Yes,Categorize existing one,5400141562668,To do,
en:smoked-salmons,Belgium,en:belgium,be,1,Yes,Categorize existing one,4056489452676,To do,
en:common-mussels,Sweden,en:sweden,sv,1,Yes,Categorize existing one,,To do,
en:mussels,Spain,en:spain,es,1,Yes,Categorize existing one,8480000186157,To do,
en:common-octopus,Portugal,en:portugal,pt,1,Yes,Categorize existing one,5601312101765,To do,
en:squid,Italy,en:italy,it,1,Yes,Categorize existing one,,To do,
en:squid,Spain,en:spain,es,1,Yes,Categorize existing one,8480000187390,To do,
en:squid,Cyprus,en:cyprus,cy,1,Yes,Categorize existing one,,To do,
en:squid,Malta,en:malta,mt,1,Yes,Categorize existing one,,To do,
en:apricots-in-syrup,Czech Republic,en:czech-republic,cs,1,Yes,Categorize existing one,,To do,
en:apricots-in-syrup,Slovakia,en:slovakia,sk,1,Yes,Categorize existing one,,To do,
en:canned-fruits,Slovakia,en:slovakia,sk,1,Yes,Categorize existing one,4300175670746,To do,
en:canned-fruits,Czech Republic,en:czech-republic,cs,1,Yes,Categorize existing one,5201065113314,To do,
en:canned-mixed-fruits-in-syrup,Ireland,en:ireland,ie,1,Yes,Categorize existing one,,To do,
en:canned-pineapples,Finland,en:finland,fi,1,Yes,Categorize existing one,6410405138323,To do,
en:canned-pineapples,Ireland,en:ireland,ie,1,Yes,Categorize existing one,4311501660829,To do,
en:canned-pineapples,United Kingdom,en:united-kingdom,uk,1,Yes,Categorize existing one,38900014988,To do,
en:canned-pineapples,Estonia,en:estonia,ee,1,Yes,Categorize existing one,,To do,
en:cherries-in-syrup,Hungary,en:hungary,hu,1,Yes,Categorize existing one,,To do,
en:compotes,Greece,en:greece,el,1,Yes,Categorize existing one,1548679,To do,
en:raisins,United Kingdom,en:united-kingdom,uk,1,Yes,Categorize existing one,4088600248899,To do,
en:raisins,Ireland,en:ireland,ie,1,Yes,Categorize existing one,4056489757832,To do,
en:raisins,Latvia,en:latvia,lv,1,Yes,Categorize existing one,4752050212235,To do,
en:raisins,France,en:france,fr,1,Yes,Categorize existing one,3560070705801,To do,
en:raisins,Czech Republic,en:czech-republic,cs,1,Yes,Categorize existing one,8595691007497,To do,
en:raisins,Slovakia,en:slovakia,sk,1,Yes,Categorize existing one,8595691007497,To do,
en:raisins,Denmark,en:denmark,dk,1,Yes,Categorize existing one,41143028643,To do,
en:raisins,Estonia,en:estonia,ee,1,Yes,Categorize existing one,,To do,
en:raisins,Lithuania,en:lithuania,lt,1,Yes,Categorize existing one,,To do,
en:apple-compotes,France,en:france,fr,1,Yes,Categorize existing one,3021769505602,To do,
en:apple-compotes,Poland,en:poland,pl,1,Yes,Categorize existing one,5901958612404,To do,
en:apple-compotes,Belgium,en:belgium,be,1,Yes,Categorize existing one,5400111093697,To do,
en:apple-compotes,Luxembourg,en:luxembourg,lu,1,Yes,Categorize existing one,3760324840559,To do,
en:apple-compotes,Bulgaria,en:bulgaria,bg,1,Yes,Categorize existing one,9008684031489,To do,
en:apple-compotes,Slovenia,en:slovenia,sv,1,Yes,Categorize existing one,,To do,
en:fruits-compote-with-reduced-sugar,Latvia,en:latvia,lv,1,Yes,Categorize existing one,,To do,
en:refrigerated-fruits-compote-with-reduced-sugar,Latvia,en:latvia,lv,1,Yes,Categorize existing one,,To do,
en:compotes,Latvia,en:latvia,lv,1,Yes,Categorize existing one,,To do,
en:apple-compotes,Latvia,en:latvia,lv,1,Yes,Categorize existing one,,To do,
en:Compotes sans sucres,Latvia,en:latvia,lv,0,Yes,Categorize existing one,,To do,
en:light-compotes,Latvia,en:latvia,lv,1,Yes,Categorize existing one,,To do,
en:strawberry-compotes,Latvia,en:latvia,lv,1,Yes,Categorize existing one,,To do,
en:fruits-compote-with-reduced-sugar,Lithuania,en:lithuania,lt,1,Yes,Categorize existing one,,To do,
en:refrigerated-fruits-compote-with-reduced-sugar,Lithuania,en:lithuania,lt,1,Yes,Categorize existing one,,To do,
en:compotes,Lithuania,en:lithuania,lt,1,Yes,Categorize existing one,,To do,
en:apple-compotes,Lithuania,en:lithuania,lt,1,Yes,Categorize existing one,,To do,
en:Compotes sans sucres,Lithuania,en:lithuania,lt,0,Yes,Categorize existing one,,To do,
en:light-compotes,Lithuania,en:lithuania,lt,1,Yes,Categorize existing one,,To do,
en:strawberry-compotes,Lithuania,en:lithuania,lt,1,Yes,Categorize existing one,,To do,
en:pear-compotes,Poland,en:poland,pl,1,Yes,Categorize existing one,,To do,
en:pear-applesauces,Poland,en:poland,pl,1,Yes,Categorize existing one,,To do,
en:fruits-compote-with-reduced-sugar,Poland,en:poland,pl,1,Yes,Categorize existing one,,To do,
en:refrigerated-fruits-compote-with-reduced-sugar,Poland,en:poland,pl,1,Yes,Categorize existing one,,To do,
en:Compotes pommes cerise,Poland,en:poland,pl,0,Yes,Categorize existing one,,To do,
en:jams,Estonia,en:estonia,ee,1,Yes,Categorize existing one,3045320001525,To do,
en:jams,United Kingdom,en:united-kingdom,uk,1,Yes,Categorize existing one,3045320094008,To do,
en:jams,Romania,en:romania,ro,1,Yes,Categorize existing one,5014271310428,To do,
en:jams,Sweden,en:sweden,sv,1,Yes,Categorize existing one,73104711,To do,
en:jams,Austria,en:austria,at,1,Yes,Categorize existing one,9001432038297,To do,
en:jams,Latvia,en:latvia,lv,1,Yes,Categorize existing one,4751017940631,To do,
en:jams,Italy,en:italy,it,1,Yes,Categorize existing one,8000080004358,To do,
en:jams,Bulgaria,en:bulgaria,bg,1,Yes,Categorize existing one,20000660,To do,
en:jams,Slovakia,en:slovakia,sk,1,Yes,Categorize existing one,4056489957973,To do,
en:jams,Germany,en:germany,de,1,Yes,Categorize existing one,4026701011110,To do,
en:jams,Lithuania,en:lithuania,lt,1,Yes,Categorize existing one,4770583207894,To do,
en:jams,Czech Republic,en:czech-republic,cs,1,Yes,Categorize existing one,20006785,To do,
en:jams,Cyprus,en:cyprus,cy,1,Yes,Categorize existing one,,To do,
en:jams,Malta,en:malta,mt,1,Yes,Categorize existing one,,To do,
en:canned-fruits,Switzerland,en:switzerland,ch,1,Yes,Categorize existing one,7610800005841,To do,
en:canned-fruits,Norway,en:norway,no,1,Yes,Categorize existing one,7025110077691,To do,
en:apricot-jams,Slovenia,en:slovenia,sv,1,Yes,Categorize existing one,3830068150068,To do,
en:apricot-jams,Spain,en:spain,es,1,Yes,Categorize existing one,8480000150684,To do,
en:apricot-jams,Hungary,en:hungary,hu,1,Yes,Categorize existing one,4099200055824,To do,
en:plum-jams,France,en:france,fr,1,Yes,Categorize existing one,3045320001594,To do,
en:mirabelle-plum-jams,France,en:france,fr,1,Yes,Categorize existing one,3045320001594,To do,
en:mixed-fruit-jams,Ireland,en:ireland,ie,1,Yes,Categorize existing one,5099874199373,To do,
en:mixed-fruit-jams,Serbia,en:serbia,rs,1,Yes,Categorize existing one,8600197349221,To do,
en:plum-jams,Croatia,en:croatia,hr,1,Yes,Categorize existing one,3859893027956,To do,
en:strawberry-jams,Luxembourg,en:luxembourg,lu,1,Yes,Categorize existing one,8723700213663,To do,
en:strawberry-jams,France,en:france,fr,1,Yes,Categorize existing one,3608580823445,To do,
en:strawberry-jams,Belgium,en:belgium,be,1,Yes,Categorize existing one,8719200174108,To do,
en:strawberry-jams,Netherlands,en:netherlands,nl,1,Yes,Categorize existing one,3045320082586,To do,
en:marmalades,Denmark,en:denmark,dk,1,Yes,Categorize existing one,7310090244608,To do,
en:orange-jams,Ireland,en:ireland,ie,1,Yes,Categorize existing one,5099682001431,To do,
en:mixed-dried-fruits,Latvia,en:latvia,lv,1,Yes,Categorize existing one,,To do,
en:mixed-dried-fruits,Lithuania,en:lithuania,lt,1,Yes,Categorize existing one,,To do,
en:olives,Norway,en:norway,no,1,Yes,Categorize existing one,7032069719534,To do,
en:olives,Sweden,en:sweden,sv,1,Yes,Categorize existing one,7318690105947,To do,
en:olives,Denmark,en:denmark,dk,1,Yes,Categorize existing one,5712871111796,To do,
en:olives,Luxembourg,en:luxembourg,lu,1,Yes,Categorize existing one,3076820007243,To do,
en:stuffed-olives,Ireland,en:ireland,ie,1,Yes,Categorize existing one,4002239821209,To do,
en:stuffed-olives,Finland,en:finland,fi,1,Yes,Categorize existing one,8410159016586,To do,
en:stuffed-olives,Spain,en:spain,es,1,Yes,Categorize existing one,8480000677174,To do,
en:stuffed-olives,France,en:france,fr,1,Yes,Categorize existing one,20033378,To do,
en:stuffed-olives,Italy,en:italy,it,1,Yes,Categorize existing one,8014531204785,To do,
en:stuffed-olives,Portugal,en:portugal,pt,1,Yes,Categorize existing one,20076313,To do,
en:stuffed-olives,United Kingdom,en:united-kingdom,uk,1,Yes,Categorize existing one,8410134001217,To do,
en:stuffed-olives,Greece,en:greece,el,1,Yes,Categorize existing one,7610200314017,To do,
en:stuffed-olives,Netherlands,en:netherlands,nl,1,Yes,Categorize existing one,45016018717,To do,
en:stuffed-olives,Cyprus,en:cyprus,cy,1,Yes,Categorize existing one,,To do,
en:stuffed-olives,Malta,en:malta,mt,1,Yes,Categorize existing one,,To do,
en:stuffed-olives,Romania,en:romania,ro,1,Yes,Categorize existing one,,To do,
en:fruit-juice-concentrates,Denmark,en:denmark,dk,1,Yes,Categorize existing one,5038862005678,To do,
en:fruit-juice-concentrates,Finland,en:finland,fi,1,Yes,Categorize existing one,,To do,
en:orange-juices-from-concentrate,Finland,en:finland,fi,1,Yes,Categorize existing one,7340191174542,To do,
en:fruit-and-vegetable-juices,Czech Republic,en:czech-republic,cs,1,Yes,Categorize existing one,8595643806673,To do,
en:fruit-and-vegetable-juices,Bulgaria,en:bulgaria,bg,1,Yes,Categorize existing one,4337185010040,To do,
en:fruit-and-vegetable-juices,Germany,en:germany,de,1,Yes,Categorize existing one,5901886038277,To do,
en:fruit-and-vegetable-juices,Slovakia,en:slovakia,sk,1,Yes,Categorize existing one,,To do,
en:juices-and-nectars,Norway,en:norway,no,1,Yes,Categorize existing one,7032069711439,To do,
en:fruit-juices,Norway,en:norway,no,1,Yes,Categorize existing one,7025110218575,To do,
en:fruit-juices,Lithuania,en:lithuania,lt,1,Yes,Categorize existing one,4750042804208,To do,
en:fruit-juices,Estonia,en:estonia,ee,1,Yes,Categorize existing one,4740029050070,To do,
en:fruit-juices,Switzerland,en:switzerland,ch,1,Yes,Categorize existing one,4000177032695,To do,
en:fruit-juices,Latvia,en:latvia,lv,1,Yes,Categorize existing one,4750042804284,To do,
en:fruit-juices,Sweden,en:sweden,sv,1,Yes,Categorize existing one,4013265001053,To do,
en:fruit-nectars,Serbia,en:serbia,rs,1,Yes,Categorize existing one,8606004250308,To do,
en:fruit-nectars,Latvia,en:latvia,lv,1,Yes,Categorize existing one,4750042001737,To do,
en:fruit-nectars,Lithuania,en:lithuania,lt,1,Yes,Categorize existing one,4750042302698,To do,
en:fruit-nectars,Montenegro,en:montenegro,me,1,Yes,Categorize existing one,,To do,
en:fruit-smoothies,Finland,en:finland,fi,1,Yes,Categorize existing one,7350020720017,To do,
en:fruit-smoothies,Sweden,en:sweden,sv,1,Yes,Categorize existing one,7350020720017,To do,
en:fruit-smoothies,Ireland,en:ireland,ie,1,Yes,Categorize existing one,5038862831338,To do,
en:fruit-smoothies,Netherlands,en:netherlands,nl,1,Yes,Categorize existing one,5038862233354,To do,
en:fruit-smoothies,Montenegro,en:montenegro,me,1,Yes,Categorize existing one,,To do,
en:fruit-smoothies,Serbia,en:serbia,rs,1,Yes,Categorize existing one,,To do,
en:apple-juices,Finland,en:finland,fi,1,Yes,Categorize existing one,7340191162310,To do,
en:apple-juices,Germany,en:germany,de,1,Yes,Categorize existing one,4061458061117,To do,
en:apple-juices,Ireland,en:ireland,ie,1,Yes,Categorize existing one,5099874111962,To do,
en:apple-juices,Sweden,en:sweden,sv,1,Yes,Categorize existing one,7318690173885,To do,
en:apple-juices,Poland,en:poland,pl,1,Yes,Categorize existing one,5900334012753,To do,
en:apple-juices,Switzerland,en:switzerland,ch,1,Yes,Categorize existing one,7610057012456,To do,
en:apple-juices,Austria,en:austria,at,1,Yes,Categorize existing one,9120008990088,To do,
en:apple-juices,Denmark,en:denmark,dk,1,Yes,Categorize existing one,5712872937289,To do,
en:apple-juices,Estonia,en:estonia,ee,1,Yes,Categorize existing one,,To do,
en:apple-juices,Belgium,en:belgium,be,1,Yes,Categorize existing one,5400141616231,To do,
en:apple-juices,Latvia,en:latvia,lv,1,Yes,Categorize existing one,4750169000156,To do,
en:apple-juices,Netherlands,en:netherlands,nl,1,Yes,Categorize existing one,8720157464334,To do,
en:apple-juices,United Kingdom,en:united-kingdom,uk,1,Yes,Categorize existing one,5449000227409,To do,
en:apple-juices,Slovenia,en:slovenia,sv,1,Yes,Categorize existing one,4304493261730,To do,
en:apple-juices,Luxembourg,en:luxembourg,lu,1,Yes,Categorize existing one,5034033000220,To do,
en:apricot-juices-from-concentrate,Germany,en:germany,de,1,Yes,Categorize existing one,,To do,
en:grape-juices,Germany,en:germany,de,1,Yes,Categorize existing one,4061458028998,To do,
en:lemon-juice,Hungary,en:hungary,hu,1,Yes,Categorize existing one,4335619009172,To do,
en:lemon-juice,Italy,en:italy,it,1,Yes,Categorize existing one,20019907,To do,
en:lemon-juice,Romania,en:romania,ro,1,Yes,Categorize existing one,20019907,To do,
en:lemon-juice,Croatia,en:croatia,hr,1,Yes,Categorize existing one,8016438001016,To do,
en:lemon-juice,Denmark,en:denmark,dk,1,Yes,Categorize existing one,8016438001016,To do,
en:lemon-juice,Switzerland,en:switzerland,ch,1,Yes,Categorize existing one,76106897,To do,
en:lemon-juice,Sweden,en:sweden,sv,1,Yes,Categorize existing one,7340191116641,To do,
en:lemon-juice,Portugal,en:portugal,pt,1,Yes,Categorize existing one,8480000049032,To do,
en:lemon-juice,Finland,en:finland,fi,1,Yes,Categorize existing one,76106002,To do,
en:lemon-juice,Poland,en:poland,pl,1,Yes,Categorize existing one,8009004908499,To do,
en:lemon-juice,Slovenia,en:slovenia,sv,1,Yes,Categorize existing one,4099200167640,To do,
en:lemon-juice,Austria,en:austria,at,1,Yes,Categorize existing one,90169250,To do,
en:lemon-juice,France,en:france,fr,1,Yes,Categorize existing one,3456300002508,To do,
en:lemon-juice,Cyprus,en:cyprus,cy,1,Yes,Categorize existing one,,To do,
en:lemon-juice,Greece,en:greece,el,1,Yes,Categorize existing one,,To do,
en:lemon-juice,Malta,en:malta,mt,1,Yes,Categorize existing one,,To do,
en:multifruit-juices,Netherlands,en:netherlands,nl,1,Yes,Categorize existing one,8720157467281,To do,
en:multifruit-juices,Hungary,en:hungary,hu,1,Yes,Categorize existing one,5998815117653,To do,
en:multifruit-juices,Belgium,en:belgium,be,1,Yes,Categorize existing one,5449000319333,To do,
en:multifruit-juices,Finland,en:finland,fi,1,Yes,Categorize existing one,6415130041740,To do,
en:multifruit-juices,France,en:france,fr,1,Yes,Categorize existing one,5038862134330,To do,
en:multifruit-juices,Luxembourg,en:luxembourg,lu,1,Yes,Categorize existing one,3770006565120,To do,
en:orange-juices,Poland,en:poland,pl,1,Yes,Categorize existing one,5900334012685,To do,
en:orange-juices,Lithuania,en:lithuania,lt,1,Yes,Categorize existing one,4750042804208,To do,
en:orange-juices,Netherlands,en:netherlands,nl,1,Yes,Categorize existing one,8720157401124,To do,
en:orange-juices,Austria,en:austria,at,1,Yes,Categorize existing one,9008700130455,To do,
en:orange-juices,Ireland,en:ireland,ie,1,Yes,Categorize existing one,4056489975410,To do,
en:orange-juices,Portugal,en:portugal,pt,1,Yes,Categorize existing one,5601151966242,To do,
en:orange-juices,Slovenia,en:slovenia,sv,1,Yes,Categorize existing one,3830000165273,To do,
en:orange-juices,Denmark,en:denmark,dk,1,Yes,Categorize existing one,4304493267848,To do,
en:orange-juices,Hungary,en:hungary,hu,1,Yes,Categorize existing one,4335619009318,To do,
en:orange-juices,Montenegro,en:montenegro,me,1,Yes,Categorize existing one,8606107032658,To do,
en:orange-juices,Greece,en:greece,el,1,Yes,Categorize existing one,5201037404112,To do,
en:orange-juices,Spain,en:spain,es,1,Yes,Categorize existing one,8402001014062,To do,
en:orange-juices,Germany,en:germany,de,1,Yes,Categorize existing one,4009491022016,To do,
en:orange-juices,Italy,en:italy,it,1,Yes,Categorize existing one,8000340473450,To do,
en:orange-juices,Norway,en:norway,no,1,Yes,Categorize existing one,7032069711439,To do,
en:orange-juices,United Kingdom,en:united-kingdom,uk,1,Yes,Categorize existing one,5023762000137,To do,
en:orange-juices,Belgium,en:belgium,be,1,Yes,Categorize existing one,54008304,To do,
en:orange-juices,Switzerland,en:switzerland,ch,1,Yes,Categorize existing one,7613312425954,To do,
en:orange-juices,Croatia,en:croatia,hr,1,Yes,Categorize existing one,3850322014981,To do,
en:orange-juices,Serbia,en:serbia,rs,1,Yes,Categorize existing one,3850322014981,To do,
en:orange-juices,Romania,en:romania,ro,1,Yes,Categorize existing one,20690755,To do,
en:orange-juices,France,en:france,fr,1,Yes,Categorize existing one,3502110009449,To do,
en:orange-juices,Sweden,en:sweden,sv,1,Yes,Categorize existing one,7310860007372,To do,
en:orange-juices,Finland,en:finland,fi,1,Yes,Categorize existing one,6415130043461,To do,
en:orange-juices,Luxembourg,en:luxembourg,lu,1,Yes,Categorize existing one,5400501301081,To do,
en:orange-juices,Cyprus,en:cyprus,cy,1,Yes,Categorize existing one,,To do,
en:orange-juices,Estonia,en:estonia,ee,1,Yes,Categorize existing one,,To do,
en:orange-juices,Latvia,en:latvia,lv,1,Yes,Categorize existing one,,To do,
en:orange-juices,Malta,en:malta,mt,1,Yes,Categorize existing one,,To do,
en:pineapple-juices,Spain,en:spain,es,1,Yes,Categorize existing one,8480000399465,To do,
en:tomato-juices,Cyprus,en:cyprus,cy,1,Yes,Categorize existing one,4056489602873,To do,
en:tomato-juices,Latvia,en:latvia,lv,1,Yes,Categorize existing one,20900564,To do,
en:tomato-juices,Estonia,en:estonia,ee,1,Yes,Categorize existing one,,To do,
en:tomato-juices,Malta,en:malta,mt,1,Yes,Categorize existing one,,To do,
en:tomato-juices,Montenegro,en:montenegro,me,1,Yes,Categorize existing one,,To do,
en:tomato-juices,Serbia,en:serbia,rs,1,Yes,Categorize existing one,,To do,
en:multifruit-juices,Sweden,en:sweden,sv,1,Yes,Categorize existing one,4013265001053,To do,
en:multifruit-nectars,Netherlands,en:netherlands,nl,1,Yes,Categorize existing one,8710395949229,To do,
en:multifruit-nectars,Portugal,en:portugal,pt,1,Yes,Categorize existing one,5601151983225,To do,
en:multifruit-nectars,Greece,en:greece,el,1,Yes,Categorize existing one,,To do,
en:multifruit-nectars,Montenegro,en:montenegro,me,1,Yes,Categorize existing one,,To do,
en:multifruit-nectars,Serbia,en:serbia,rs,1,Yes,Categorize existing one,,To do,
en:mixed-fruits-pure-multivitamin-juice,Switzerland,en:switzerland,ch,1,Yes,Categorize existing one,7613312052396,To do,
en:mixed-fruits-pure-multivitamin-juice,Germany,en:germany,de,1,Yes,Categorize existing one,4021851700631,To do,
en:mixed-fruits-pure-multivitamin-juice,Austria,en:austria,at,1,Yes,Categorize existing one,,To do,
en:mixed-fruits-pure-multivitamin-juice,Italy,en:italy,it,1,Yes,Categorize existing one,,To do,
en:mixed-fruits-pure-multivitamin-juice,Sweden,en:sweden,sv,1,Yes,Categorize existing one,,To do,
en:apple-nectars,Serbia,en:serbia,rs,1,Yes,Categorize existing one,8606004250308,To do,
en:apple-nectars,Montenegro,en:montenegro,me,1,Yes,Categorize existing one,,To do,
en:orange-nectars,Montenegro,en:montenegro,me,1,Yes,Categorize existing one,,To do,
en:peach-nectars,Hungary,en:hungary,hu,1,Yes,Categorize existing one,4056489158172,To do,
en:vegetable-juices,Bulgaria,en:bulgaria,bg,1,Yes,Categorize existing one,4335619142527,To do,
en:breads,United Kingdom,en:united-kingdom,uk,1,Yes,Categorize existing one,5025125000006,To do,
en:bread-rolls,United Kingdom,en:united-kingdom,uk,1,Yes,Categorize existing one,4088600003610,To do,
en:breads,Ireland,en:ireland,ie,1,Yes,Categorize existing one,5099630002237,To do,
en:bread-rolls,Austria,en:austria,at,1,Yes,Categorize existing one,9100000864488,To do,
en:breads,Austria,en:austria,at,1,Yes,Categorize existing one,9100000139500,To do,
en:bread-rolls,Italy,en:italy,it,1,Yes,Categorize existing one,8076809584722,To do,
en:bread-rolls,Ireland,en:ireland,ie,1,Yes,Categorize existing one,5099077004252,To do,
en:breads,Italy,en:italy,it,1,Yes,Categorize existing one,8076809504720,To do,
en:breads,Austria,en:austria,at,1,Yes,Categorize existing one,9100000139500,To do,
en:breads,France,en:france,fr,1,Yes,Categorize existing one,3760049790214,To do,
en:stuffing,Ireland,en:ireland,ie,1,Yes,Categorize existing one,4061463695178,To do,
en:breads,Ireland,en:ireland,ie,1,Yes,Categorize existing one,5099630002237,To do,
en:bread-crumbs,Spain,en:spain,es,1,Yes,Categorize existing one,8480000229328,To do,
en:bread-crumbs,Hungary,en:hungary,hu,1,Yes,Categorize existing one,5999885491056,To do,
en:bread-crumbs,Italy,en:italy,it,1,Yes,Categorize existing one,8003160006907,To do,
en:bread-crumbs,Poland,en:poland,pl,1,Yes,Categorize existing one,5900697040172,To do,
en:bread-crumbs,Denmark,en:denmark,dk,1,Yes,Categorize existing one,4056489181217,To do,
en:bread-crumbs,Austria,en:austria,at,1,Yes,Categorize existing one,9100000829029,To do,
en:bread-crumbs,Bulgaria,en:bulgaria,bg,1,Yes,Categorize existing one,7622202015007,To do,
en:bread-crumbs,Romania,en:romania,ro,1,Yes,Categorize existing one,7622202015007,To do,
en:bread-crumbs,Sweden,en:sweden,sv,1,Yes,Categorize existing one,7318690058755,To do,
en:bread-crumbs,Ireland,en:ireland,ie,1,Yes,Categorize existing one,9310432003212,To do,
en:bread-crumbs,Croatia,en:croatia,hr,1,Yes,Categorize existing one,858051520011,To do,
en:bread-crumbs,Czech Republic,en:czech-republic,cs,1,Yes,Categorize existing one,858051520011,To do,
en:bread-crumbs,Finland,en:finland,fi,1,Yes,Categorize existing one,858051520011,To do,
en:bread-crumbs,Slovakia,en:slovakia,sk,1,Yes,Categorize existing one,,To do,
en:bread-crumbs,Slovenia,en:slovenia,sv,1,Yes,Categorize existing one,,To do,
en:breadsticks,Greece,en:greece,el,1,Yes,Categorize existing one,5204653003448,To do,
en:breadsticks,Netherlands,en:netherlands,nl,1,Yes,Categorize existing one,8718265422834,To do,
en:breadsticks,Italy,en:italy,it,1,Yes,Categorize existing one,8076809520003,To do,
en:breadsticks,Ireland,en:ireland,ie,1,Yes,Categorize existing one,5018374285577,To do,
en:breadsticks,Croatia,en:croatia,hr,1,Yes,Categorize existing one,,To do,
en:rusks,Sweden,en:sweden,sv,1,Yes,Categorize existing one,20463724,To do,
en:rusks,Netherlands,en:netherlands,nl,1,Yes,Categorize existing one,8710482533843,To do,
en:crispbreads,Sweden,en:sweden,sv,1,Yes,Categorize existing one,7312080441257,To do,
en:crispbreads,Netherlands,en:netherlands,nl,1,Yes,Categorize existing one,7300400481700,To do,
en:rye-breads,Denmark,en:denmark,dk,1,Yes,Categorize existing one,5701205008994,To do,
en:rusks,Finland,en:finland,fi,1,Yes,Categorize existing one,6409770080108,To do,
en:crispbreads,Denmark,en:denmark,dk,1,Yes,Categorize existing one,7300400118408,To do,
en:crispbreads,Finland,en:finland,fi,1,Yes,Categorize existing one,7300400118408,To do,
en:rye-breads,Finland,en:finland,fi,1,Yes,Categorize existing one,6411402202208,To do,
en:rusks,Denmark,en:denmark,dk,1,Yes,Categorize existing one,,To do,
en:rye-breads,Denmark,en:denmark,dk,1,Yes,Categorize existing one,5701205008994,To do,
en:crispbreads,Denmark,en:denmark,dk,1,Yes,Categorize existing one,7300400118408,To do,
en:rusks,Denmark,en:denmark,dk,1,Yes,Categorize existing one,,To do,
en:crispbreads,Denmark,en:denmark,dk,1,Yes,Categorize existing one,7300400118408,To do,
en:rusks,Cyprus,en:cyprus,cy,1,Yes,Categorize existing one,5200113183200,To do,
en:crispbreads,Cyprus,en:cyprus,cy,1,Yes,Categorize existing one,,To do,
en:rusks,Denmark,en:denmark,dk,1,Yes,Categorize existing one,,To do,
en:crispbreads,Malta,en:malta,mt,1,Yes,Categorize existing one,,To do,
en:rusks,Malta,en:malta,mt,1,Yes,Categorize existing one,,To do,
en:crispbreads,Denmark,en:denmark,dk,1,Yes,Categorize existing one,7300400118408,To do,
en:rusks,Denmark,en:denmark,dk,1,Yes,Categorize existing one,,To do,
en:breads,Portugal,en:portugal,pt,1,Yes,Categorize existing one,8710482532303,To do,
en:breads,Germany,en:germany,de,1,Yes,Categorize existing one,6410500090014,To do,
en:bread-rolls,Germany,en:germany,de,1,Yes,Categorize existing one,4000446014773,To do,
en:bread-rolls,Austria,en:austria,at,1,Yes,Categorize existing one,9100000864488,To do,
en:breads,Austria,en:austria,at,1,Yes,Categorize existing one,9100000139500,To do,
en:bread-rolls,Portugal,en:portugal,pt,1,Yes,Categorize existing one,,To do,
en:rye-breads,Czech Republic,en:czech-republic,cs,1,Yes,Categorize existing one,4104420230835,To do,
en:rye-breads,Latvia,en:latvia,lv,1,Yes,Categorize existing one,4750192731591,To do,
en:rye-and-wheat-breads,Germany,en:germany,de,1,Yes,Categorize existing one,20568610,To do,
en:breads,Germany,en:germany,de,1,Yes,Categorize existing one,6410500090014,To do,
en:breads,Czech Republic,en:czech-republic,cs,1,Yes,Categorize existing one,4056489328766,To do,
en:breads,Poland,en:poland,pl,1,Yes,Categorize existing one,5900320001303,To do,
en:rye-breads,Germany,en:germany,de,1,Yes,Categorize existing one,20006105,To do,
en:rye-breads,Poland,en:poland,pl,1,Yes,Categorize existing one,4056489189121,To do,
en:breads,Estonia,en:estonia,ee,1,Yes,Categorize existing one,4740072251554,To do,
en:rye-breads,Slovakia,en:slovakia,sk,1,Yes,Categorize existing one,8594000090649,To do,
en:rye-breads,Lithuania,en:lithuania,lt,1,Yes,Categorize existing one,20507336,To do,
en:rye-and-wheat-breads,Latvia,en:latvia,lv,1,Yes,Categorize existing one,4750176000859,To do,
en:rye-and-wheat-breads,Lithuania,en:lithuania,lt,1,Yes,Categorize existing one,4770350141185,To do,
en:breads,Latvia,en:latvia,lv,1,Yes,Categorize existing one,4750212900754,To do,
en:breads,Lithuania,en:lithuania,lt,1,Yes,Categorize existing one,4770163201236,To do,
en:rye-breads,Estonia,en:estonia,ee,1,Yes,Categorize existing one,20171841,To do,
en:breads,Slovakia,en:slovakia,sk,1,Yes,Categorize existing one,8588003676030,To do,
en:rye-and-wheat-breads,Czech Republic,en:czech-republic,cs,1,Yes,Categorize existing one,,To do,
en:rye-and-wheat-breads,Estonia,en:estonia,ee,1,Yes,Categorize existing one,,To do,
en:rye-and-wheat-breads,Poland,en:poland,pl,1,Yes,Categorize existing one,,To do,
en:rye-and-wheat-breads,Slovakia,en:slovakia,sk,1,Yes,Categorize existing one,,To do,
en:breads,Finland,en:finland,fi,1,Yes,Categorize existing one,6437002001454,To do,
en:breads,Germany,en:germany,de,1,Yes,Categorize existing one,6410500090014,To do,
en:breads,Czech Republic,en:czech-republic,cs,1,Yes,Categorize existing one,4056489328766,To do,
en:breads,Montenegro,en:montenegro,me,1,Yes,Categorize existing one,7300400112734,To do,
en:breads,Ireland,en:ireland,ie,1,Yes,Categorize existing one,5099630002237,To do,
en:breads,Austria,en:austria,at,1,Yes,Categorize existing one,9100000139500,To do,
en:breads,Belgium,en:belgium,be,1,Yes,Categorize existing one,7300400481700,To do,
en:breads,Netherlands,en:netherlands,nl,1,Yes,Categorize existing one,7300400481700,To do,
en:breads,Estonia,en:estonia,ee,1,Yes,Categorize existing one,4740072251554,To do,
en:breads,Luxembourg,en:luxembourg,lu,1,Yes,Categorize existing one,3228857000166,To do,
en:breads,Latvia,en:latvia,lv,1,Yes,Categorize existing one,4750212900754,To do,
en:breads,France,en:france,fr,1,Yes,Categorize existing one,3760049790214,To do,
en:breads,Serbia,en:serbia,rs,1,Yes,Categorize existing one,4056489983507,To do,
en:breads,Lithuania,en:lithuania,lt,1,Yes,Categorize existing one,4770163201236,To do,
en:breads,Slovakia,en:slovakia,sk,1,Yes,Categorize existing one,8588003676030,To do,
en:Pains multicéréales,Austria,en:austria,at,0,Yes,Categorize existing one,,To do,
en:Pains multicéréales,Belgium,en:belgium,be,0,Yes,Categorize existing one,,To do,
en:Pains multicéréales,Czech Republic,en:czech-republic,cs,0,Yes,Categorize existing one,,To do,
en:Pains multicéréales,Estonia,en:estonia,ee,0,Yes,Categorize existing one,,To do,
en:Pains multicéréales,Finland,en:finland,fi,0,Yes,Categorize existing one,,To do,
en:Pains multicéréales,France,en:france,fr,0,Yes,Categorize existing one,,To do,
en:Pains multicéréales,Germany,en:germany,de,0,Yes,Categorize existing one,,To do,
en:Pains multicéréales,Ireland,en:ireland,ie,0,Yes,Categorize existing one,,To do,
en:Pains multicéréales,Latvia,en:latvia,lv,0,Yes,Categorize existing one,,To do,
en:Pains multicéréales,Lithuania,en:lithuania,lt,0,Yes,Categorize existing one,,To do,
en:Pains multicéréales,Luxembourg,en:luxembourg,lu,0,Yes,Categorize existing one,,To do,
en:Pains multicéréales,Montenegro,en:montenegro,me,0,Yes,Categorize existing one,,To do,
en:Pains multicéréales,Netherlands,en:netherlands,nl,0,Yes,Categorize existing one,,To do,
en:Pains multicéréales,Serbia,en:serbia,rs,0,Yes,Categorize existing one,,To do,
en:Pains multicéréales,Slovakia,en:slovakia,sk,0,Yes,Categorize existing one,,To do,
en:breads,Portugal,en:portugal,pt,1,Yes,Categorize existing one,8710482532303,To do,
en:breads-with-seeds,Portugal,en:portugal,pt,1,Yes,Categorize existing one,,To do,
en:Pains multicéréales,Portugal,en:portugal,pt,0,Yes,Categorize existing one,,To do,
en:pitas,Cyprus,en:cyprus,cy,1,Yes,Categorize existing one,26824444,To do,
en:pitas,United Kingdom,en:united-kingdom,uk,1,Yes,Categorize existing one,4088600276267,To do,
en:pitas,Malta,en:malta,mt,1,Yes,Categorize existing one,5351908000018,To do,
en:pitas,Greece,en:greece,el,1,Yes,Categorize existing one,5201673005254,To do,
en:frozen-pre-baked-pitas,Croatia,en:croatia,hr,1,Yes,Categorize existing one,,To do,
en:pitas,Croatia,en:croatia,hr,1,Yes,Categorize existing one,,To do,
en:frozen-pre-baked-pitas,Cyprus,en:cyprus,cy,1,Yes,Categorize existing one,,To do,
en:frozen-pre-baked-pitas,Greece,en:greece,el,1,Yes,Categorize existing one,,To do,
en:frozen-pre-baked-pitas,Malta,en:malta,mt,1,Yes,Categorize existing one,,To do,
en:frozen-pre-baked-pitas,United Kingdom,en:united-kingdom,uk,1,Yes,Categorize existing one,,To do,
en:cooked-pizza-base,Italy,en:italy,it,1,Yes,Categorize existing one,8076809583046,To do,
en:cooked-pizza-base,Sweden,en:sweden,sv,1,Yes,Categorize existing one,7316150980615,To do,
en:cooked-pizza-base,Ireland,en:ireland,ie,1,Yes,Categorize existing one,5099874315773,To do,
en:cooked-pizza-base,Belgium,en:belgium,be,1,Yes,Categorize existing one,,To do,
en:cooked-pizza-base,Luxembourg,en:luxembourg,lu,1,Yes,Categorize existing one,,To do,
en:cooked-pizza-base,Netherlands,en:netherlands,nl,1,Yes,Categorize existing one,,To do,
en:rusks,France,en:france,fr,1,Yes,Categorize existing one,7311070032611,To do,
en:rusks,Denmark,en:denmark,dk,1,Yes,Categorize existing one,,To do,
en:rusks,Estonia,en:estonia,ee,1,Yes,Categorize existing one,,To do,
en:wheat-rusk-slices,Greece,en:greece,el,1,Yes,Categorize existing one,5201882006264,To do,
en:common-wheat-rusks,Italy,en:italy,it,1,Yes,Categorize existing one,3560071013547,To do,
en:rusks,Italy,en:italy,it,1,Yes,Categorize existing one,8076809512114,To do,
en:wheat-rusk-slices,Italy,en:italy,it,1,Yes,Categorize existing one,8029404006540,To do,
en:rusks,Greece,en:greece,el,1,Yes,Categorize existing one,5201004056474,To do,
en:common-wheat-rusks,Greece,en:greece,el,1,Yes,Categorize existing one,,To do,
en:wholemeal-rusks,Spain,en:spain,es,1,Yes,Categorize existing one,7300400118118,To do,
en:wholemeal-rusks,Italy,en:italy,it,1,Yes,Categorize existing one,8076809512114,To do,
en:rye-breads,Denmark,en:denmark,dk,1,Yes,Categorize existing one,5701205008994,To do,
en:rye-breads,Germany,en:germany,de,1,Yes,Categorize existing one,20006105,To do,
en:rye-breads,Austria,en:austria,at,1,Yes,Categorize existing one,20507336,To do,
en:rye-breads,Latvia,en:latvia,lv,1,Yes,Categorize existing one,4750192731591,To do,
en:rye-breads,Denmark,en:denmark,dk,1,Yes,Categorize existing one,5701205008994,To do,
en:rye-breads,Hungary,en:hungary,hu,1,Yes,Categorize existing one,4099200009964,To do,
en:rye-breads,Germany,en:germany,de,1,Yes,Categorize existing one,20006105,To do,
en:rye-breads,Poland,en:poland,pl,1,Yes,Categorize existing one,4056489189121,To do,
en:rye-breads,Finland,en:finland,fi,1,Yes,Categorize existing one,6411402202208,To do,
en:rye-breads,Lithuania,en:lithuania,lt,1,Yes,Categorize existing one,20507336,To do,
en:rye-breads,Romania,en:romania,ro,1,Yes,Categorize existing one,4009176517974,To do,
en:rye-breads,Greece,en:greece,el,1,Yes,Categorize existing one,,To do,
en:rye-breads,Estonia,en:estonia,ee,1,Yes,Categorize existing one,20171841,To do,
en:rye-breads,Denmark,en:denmark,dk,1,Yes,Categorize existing one,5701205008994,To do,
en:rye-breads,Estonia,en:estonia,ee,1,Yes,Categorize existing one,20171841,To do,
en:breads,Finland,en:finland,fi,1,Yes,Categorize existing one,6437002001454,To do,
en:rye-and-wheat-breads,Finland,en:finland,fi,1,Yes,Categorize existing one,6437002001454,To do,
en:breads,Slovenia,en:slovenia,sv,1,Yes,Categorize existing one,4056489018636,To do,
en:rye-breads,Slovenia,en:slovenia,sv,1,Yes,Categorize existing one,20006105,To do,
en:breads,Estonia,en:estonia,ee,1,Yes,Categorize existing one,4740072251554,To do,
en:rye-breads,Finland,en:finland,fi,1,Yes,Categorize existing one,6411402202208,To do,
en:rye-breads,Estonia,en:estonia,ee,1,Yes,Categorize existing one,20171841,To do,
en:rye-and-wheat-breads,Estonia,en:estonia,ee,1,Yes,Categorize existing one,,To do,
en:rye-and-wheat-breads,Slovenia,en:slovenia,sv,1,Yes,Categorize existing one,,To do,
en:hamburger-buns,Spain,en:spain,es,1,Yes,Categorize existing one,8480000602510,To do,
en:wholemeal-rolls-for-hamburger,France,en:france,fr,1,Yes,Categorize existing one,3564700637685,To do,
en:hamburger-buns,France,en:france,fr,1,Yes,Categorize existing one,3029330801924,To do,
en:hamburger-buns,Sweden,en:sweden,sv,1,Yes,Categorize existing one,7311379536292,To do,
en:frozen-pre-baked-hamburger-buns,Cyprus,en:cyprus,cy,1,Yes,Categorize existing one,,To do,
en:wholemeal-rolls-for-hamburger,Cyprus,en:cyprus,cy,1,Yes,Categorize existing one,,To do,
en:hamburger-buns,Cyprus,en:cyprus,cy,1,Yes,Categorize existing one,,To do,
en:frozen-pre-baked-hamburger-buns,France,en:france,fr,1,Yes,Categorize existing one,,To do,
en:frozen-pre-baked-hamburger-buns,Greece,en:greece,el,1,Yes,Categorize existing one,,To do,
en:wholemeal-rolls-for-hamburger,Greece,en:greece,el,1,Yes,Categorize existing one,,To do,
en:hamburger-buns,Greece,en:greece,el,1,Yes,Categorize existing one,,To do,
en:frozen-pre-baked-hamburger-buns,Malta,en:malta,mt,1,Yes,Categorize existing one,,To do,
en:wholemeal-rolls-for-hamburger,Malta,en:malta,mt,1,Yes,Categorize existing one,,To do,
en:hamburger-buns,Malta,en:malta,mt,1,Yes,Categorize existing one,,To do,
en:frozen-pre-baked-hamburger-buns,Spain,en:spain,es,1,Yes,Categorize existing one,,To do,
en:wholemeal-rolls-for-hamburger,Spain,en:spain,es,1,Yes,Categorize existing one,,To do,
en:frozen-pre-baked-hamburger-buns,Sweden,en:sweden,sv,1,Yes,Categorize existing one,,To do,
en:wholemeal-rolls-for-hamburger,Sweden,en:sweden,sv,1,Yes,Categorize existing one,,To do,
en:spanish-omelettes,United Kingdom,en:united-kingdom,uk,1,Yes,Categorize existing one,5010292956744,To do,
en:spanish-omelettes,Ireland,en:ireland,ie,1,Yes,Categorize existing one,8436030670432,To do,
en:spanish-omelettes,Sweden,en:sweden,sv,1,Yes,Categorize existing one,,To do,
en:unleavened-breads,Norway,en:norway,no,1,Yes,Categorize existing one,,To do,
en:breads,Portugal,en:portugal,pt,1,Yes,Categorize existing one,8710482532303,To do,
en:wheat-breads,Bulgaria,en:bulgaria,bg,1,Yes,Categorize existing one,4056489018636,To do,
en:wheat-breads,Austria,en:austria,at,1,Yes,Categorize existing one,9005300019005,To do,
en:breads,Sweden,en:sweden,sv,1,Yes,Categorize existing one,7311073456780,To do,
en:wheat-breads,Portugal,en:portugal,pt,1,Yes,Categorize existing one,8480000809421,To do,
en:breads,Austria,en:austria,at,1,Yes,Categorize existing one,9100000139500,To do,
en:breads,Bulgaria,en:bulgaria,bg,1,Yes,Categorize existing one,3800082900567,To do,
en:wheat-breads,Sweden,en:sweden,sv,1,Yes,Categorize existing one,7311070337297,To do,
en:breads,United Kingdom,en:united-kingdom,uk,1,Yes,Categorize existing one,5025125000006,To do,
en:breads,Finland,en:finland,fi,1,Yes,Categorize existing one,6437002001454,To do,
en:breads,Portugal,en:portugal,pt,1,Yes,Categorize existing one,8710482532303,To do,
en:wholemeal-breads,Ireland,en:ireland,ie,1,Yes,Categorize existing one,5391526416075,To do,
en:wholemeal-sliced-breads,Norway,en:norway,no,1,Yes,Categorize existing one,7314320041067,To do,
en:wholemeal-sliced-breads,Ireland,en:ireland,ie,1,Yes,Categorize existing one,5391526416044,To do,
en:breads,Croatia,en:croatia,hr,1,Yes,Categorize existing one,4056489018636,To do,
en:breads,Cyprus,en:cyprus,cy,1,Yes,Categorize existing one,4056489018636,To do,
en:breads,Slovenia,en:slovenia,sv,1,Yes,Categorize existing one,4056489018636,To do,
en:wholemeal-breads,Switzerland,en:switzerland,ch,1,Yes,Categorize existing one,7610829640115,To do,
en:wholemeal-sliced-breads,Switzerland,en:switzerland,ch,1,Yes,Categorize existing one,7610829640115,To do,
en:wholemeal-sliced-breads,Poland,en:poland,pl,1,Yes,Categorize existing one,5905279941229,To do,
en:wholemeal-rolls-for-hamburger,United Kingdom,en:united-kingdom,uk,1,Yes,Categorize existing one,4088600339351,To do,
en:breads,Denmark,en:denmark,dk,1,Yes,Categorize existing one,5701205008994,To do,
en:wholemeal-breads,Norway,en:norway,no,1,Yes,Categorize existing one,7032069715543,To do,
en:whole-wheat-english-muffins,France,en:france,fr,1,Yes,Categorize existing one,3182189999768,To do,
en:wholemeal-sliced-breads,United Kingdom,en:united-kingdom,uk,1,Yes,Categorize existing one,5025125000198,To do,
en:breads,Montenegro,en:montenegro,me,1,Yes,Categorize existing one,7300400112734,To do,
en:breads,Norway,en:norway,no,1,Yes,Categorize existing one,7300400129459,To do,
en:wholemeal-breads,Sweden,en:sweden,sv,1,Yes,Categorize existing one,7311070008708,To do,
en:wholemeal-sliced-breads,Sweden,en:sweden,sv,1,Yes,Categorize existing one,7311070008708,To do,
en:breads,Poland,en:poland,pl,1,Yes,Categorize existing one,5900320001303,To do,
en:breads,Sweden,en:sweden,sv,1,Yes,Categorize existing one,7311073456780,To do,
en:breads,Ireland,en:ireland,ie,1,Yes,Categorize existing one,5099630002237,To do,
en:wholemeal-breads,Belgium,en:belgium,be,1,Yes,Categorize existing one,5410724600113,To do,
en:wholemeal-sliced-breads,Belgium,en:belgium,be,1,Yes,Categorize existing one,5410724600113,To do,
en:breads,Austria,en:austria,at,1,Yes,Categorize existing one,9100000139500,To do,
en:wholemeal-breads,Austria,en:austria,at,1,Yes,Categorize existing one,9100000139500,To do,
en:wholemeal-sliced-breads,Austria,en:austria,at,1,Yes,Categorize existing one,9100000139500,To do,
en:breads,Belgium,en:belgium,be,1,Yes,Categorize existing one,7300400481700,To do,
en:breads,Netherlands,en:netherlands,nl,1,Yes,Categorize existing one,7300400481700,To do,
en:breads,Spain,en:spain,es,1,Yes,Categorize existing one,8480000093691,To do,
en:wholemeal-breads,Spain,en:spain,es,1,Yes,Categorize existing one,8480000093691,To do,
en:wholemeal-sliced-breads,Spain,en:spain,es,1,Yes,Categorize existing one,8480000093691,To do,
en:wholemeal-breads,Finland,en:finland,fi,1,Yes,Categorize existing one,20082185,To do,
en:wholemeal-sliced-breads,Finland,en:finland,fi,1,Yes,Categorize existing one,20082185,To do,
en:wholemeal-breads,Slovenia,en:slovenia,sv,1,Yes,Categorize existing one,20082185,To do,
en:wholemeal-breads,Croatia,en:croatia,hr,1,Yes,Categorize existing one,20051426,To do,
en:wholemeal-sliced-breads,Croatia,en:croatia,hr,1,Yes,Categorize existing one,20051426,To do,
en:wholemeal-breads,Serbia,en:serbia,rs,1,Yes,Categorize existing one,20051426,To do,
en:wholemeal-sliced-breads,Serbia,en:serbia,rs,1,Yes,Categorize existing one,20051426,To do,
en:wholemeal-sliced-breads,Slovenia,en:slovenia,sv,1,Yes,Categorize existing one,20051426,To do,
en:wholemeal-sliced-breads,Netherlands,en:netherlands,nl,1,Yes,Categorize existing one,8719587044049,To do,
en:breads,Hungary,en:hungary,hu,1,Yes,Categorize existing one,4056489828105,To do,
en:wholemeal-breads,Hungary,en:hungary,hu,1,Yes,Categorize existing one,4056489828105,To do,
en:wholemeal-sliced-breads,Hungary,en:hungary,hu,1,Yes,Categorize existing one,4056489828105,To do,
en:breads,Luxembourg,en:luxembourg,lu,1,Yes,Categorize existing one,3228857000166,To do,
en:wholemeal-breads,Luxembourg,en:luxembourg,lu,1,Yes,Categorize existing one,3228857000166,To do,
en:wholemeal-sliced-breads,Luxembourg,en:luxembourg,lu,1,Yes,Categorize existing one,3228857000166,To do,
en:wholemeal-breads,Italy,en:italy,it,1,Yes,Categorize existing one,8076809504751,To do,
en:wholemeal-sliced-breads,Italy,en:italy,it,1,Yes,Categorize existing one,8076809504751,To do,
en:breads,Switzerland,en:switzerland,ch,1,Yes,Categorize existing one,11555797,To do,
en:whole-wheat-english-muffins,Switzerland,en:switzerland,ch,1,Yes,Categorize existing one,4009249040033,To do,
en:wholemeal-breads,Denmark,en:denmark,dk,1,Yes,Categorize existing one,5700382788330,To do,
en:wholemeal-sliced-breads,Denmark,en:denmark,dk,1,Yes,Categorize existing one,5700382788330,To do,
en:wholemeal-rolls-for-hamburger,France,en:france,fr,1,Yes,Categorize existing one,3564700637685,To do,
en:wholemeal-breads,Poland,en:poland,pl,1,Yes,Categorize existing one,4061461077563,To do,
en:wholemeal-sliced-breads,Romania,en:romania,ro,1,Yes,Categorize existing one,6421882000225,To do,
en:breads,Italy,en:italy,it,1,Yes,Categorize existing one,8076809504720,To do,
en:breads,France,en:france,fr,1,Yes,Categorize existing one,3760049790214,To do,
en:wholemeal-breads,France,en:france,fr,1,Yes,Categorize existing one,3760049790214,To do,
en:wholemeal-sliced-breads,France,en:france,fr,1,Yes,Categorize existing one,3760049790214,To do,
en:breads,Serbia,en:serbia,rs,1,Yes,Categorize existing one,4056489983507,To do,
en:wheat-wholemeal-swedish-toast,Finland,en:finland,fi,1,Yes,Categorize existing one,6438114987421,To do,
en:breads,Romania,en:romania,ro,1,Yes,Categorize existing one,5941143015740,To do,
en:wholemeal-breads,Romania,en:romania,ro,1,Yes,Categorize existing one,5941143015740,To do,
en:wholemeal-breads,Malta,en:malta,mt,1,Yes,Categorize existing one,5351908001916,To do,
en:wholemeal-breads,Portugal,en:portugal,pt,1,Yes,Categorize existing one,8480000823281,To do,
en:wholemeal-sliced-breads,Portugal,en:portugal,pt,1,Yes,Categorize existing one,8480000823281,To do,
en:breads,Malta,en:malta,mt,1,Yes,Categorize existing one,4056489892649,To do,
en:whole-wheat-english-muffins,United Kingdom,en:united-kingdom,uk,1,Yes,Categorize existing one,5010251605508,To do,
en:wholemeal-hot-dog-buns,Sweden,en:sweden,sv,1,Yes,Categorize existing one,7311372231644,To do,
en:wholemeal-sliced-breads,Malta,en:malta,mt,1,Yes,Categorize existing one,5351908000070,To do,
en:wholemeal-breads,Netherlands,en:netherlands,nl,1,Yes,Categorize existing one,4056489145684,To do,
en:wheat-wholemeal-swedish-toast,France,en:france,fr,1,Yes,Categorize existing one,2000000026046,To do,
en:wholemeal-breads,United Kingdom,en:united-kingdom,uk,1,Yes,Categorize existing one,1318180,To do,
en:whole-wheat-english-muffins,Austria,en:austria,at,1,Yes,Categorize existing one,,To do,
en:wholemeal-rolls-for-hamburger,Austria,en:austria,at,1,Yes,Categorize existing one,,To do,
en:wholemeal-hot-dog-buns,Austria,en:austria,at,1,Yes,Categorize existing one,,To do,
en:wheat-wholemeal-swedish-toast,Austria,en:austria,at,1,Yes,Categorize existing one,,To do,
en:whole-wheat-english-muffins,Belgium,en:belgium,be,1,Yes,Categorize existing one,,To do,
en:wholemeal-rolls-for-hamburger,Belgium,en:belgium,be,1,Yes,Categorize existing one,,To do,
en:wholemeal-hot-dog-buns,Belgium,en:belgium,be,1,Yes,Categorize existing one,,To do,
en:wheat-wholemeal-swedish-toast,Belgium,en:belgium,be,1,Yes,Categorize existing one,,To do,
en:whole-wheat-english-muffins,Croatia,en:croatia,hr,1,Yes,Categorize existing one,,To do,
en:wholemeal-rolls-for-hamburger,Croatia,en:croatia,hr,1,Yes,Categorize existing one,,To do,
en:wholemeal-hot-dog-buns,Croatia,en:croatia,hr,1,Yes,Categorize existing one,,To do,
en:wheat-wholemeal-swedish-toast,Croatia,en:croatia,hr,1,Yes,Categorize existing one,,To do,
en:wholemeal-breads,Cyprus,en:cyprus,cy,1,Yes,Categorize existing one,,To do,
en:wholemeal-sliced-breads,Cyprus,en:cyprus,cy,1,Yes,Categorize existing one,,To do,
en:whole-wheat-english-muffins,Cyprus,en:cyprus,cy,1,Yes,Categorize existing one,,To do,
en:wholemeal-rolls-for-hamburger,Cyprus,en:cyprus,cy,1,Yes,Categorize existing one,,To do,
en:wholemeal-hot-dog-buns,Cyprus,en:cyprus,cy,1,Yes,Categorize existing one,,To do,
en:wheat-wholemeal-swedish-toast,Cyprus,en:cyprus,cy,1,Yes,Categorize existing one,,To do,
en:whole-wheat-english-muffins,Denmark,en:denmark,dk,1,Yes,Categorize existing one,,To do,
en:wholemeal-rolls-for-hamburger,Denmark,en:denmark,dk,1,Yes,Categorize existing one,,To do,
en:wholemeal-hot-dog-buns,Denmark,en:denmark,dk,1,Yes,Categorize existing one,,To do,
en:wheat-wholemeal-swedish-toast,Denmark,en:denmark,dk,1,Yes,Categorize existing one,,To do,
en:whole-wheat-english-muffins,Finland,en:finland,fi,1,Yes,Categorize existing one,,To do,
en:wholemeal-rolls-for-hamburger,Finland,en:finland,fi,1,Yes,Categorize existing one,,To do,
en:wholemeal-hot-dog-buns,Finland,en:finland,fi,1,Yes,Categorize existing one,,To do,
en:wholemeal-hot-dog-buns,France,en:france,fr,1,Yes,Categorize existing one,,To do,
en:whole-wheat-english-muffins,Hungary,en:hungary,hu,1,Yes,Categorize existing one,,To do,
en:wholemeal-rolls-for-hamburger,Hungary,en:hungary,hu,1,Yes,Categorize existing one,,To do,
en:wholemeal-hot-dog-buns,Hungary,en:hungary,hu,1,Yes,Categorize existing one,,To do,
en:wheat-wholemeal-swedish-toast,Hungary,en:hungary,hu,1,Yes,Categorize existing one,,To do,
en:whole-wheat-english-muffins,Ireland,en:ireland,ie,1,Yes,Categorize existing one,,To do,
en:wholemeal-rolls-for-hamburger,Ireland,en:ireland,ie,1,Yes,Categorize existing one,,To do,
en:wholemeal-hot-dog-buns,Ireland,en:ireland,ie,1,Yes,Categorize existing one,,To do,
en:wheat-wholemeal-swedish-toast,Ireland,en:ireland,ie,1,Yes,Categorize existing one,,To do,
en:whole-wheat-english-muffins,Italy,en:italy,it,1,Yes,Categorize existing one,,To do,
en:wholemeal-rolls-for-hamburger,Italy,en:italy,it,1,Yes,Categorize existing one,,To do,
en:wholemeal-hot-dog-buns,Italy,en:italy,it,1,Yes,Categorize existing one,,To do,
en:wheat-wholemeal-swedish-toast,Italy,en:italy,it,1,Yes,Categorize existing one,,To do,
en:whole-wheat-english-muffins,Luxembourg,en:luxembourg,lu,1,Yes,Categorize existing one,,To do,
en:wholemeal-rolls-for-hamburger,Luxembourg,en:luxembourg,lu,1,Yes,Categorize existing one,,To do,
en:wholemeal-hot-dog-buns,Luxembourg,en:luxembourg,lu,1,Yes,Categorize existing one,,To do,
en:wheat-wholemeal-swedish-toast,Luxembourg,en:luxembourg,lu,1,Yes,Categorize existing one,,To do,
en:whole-wheat-english-muffins,Malta,en:malta,mt,1,Yes,Categorize existing one,,To do,
en:wholemeal-rolls-for-hamburger,Malta,en:malta,mt,1,Yes,Categorize existing one,,To do,
en:wholemeal-hot-dog-buns,Malta,en:malta,mt,1,Yes,Categorize existing one,,To do,
en:wheat-wholemeal-swedish-toast,Malta,en:malta,mt,1,Yes,Categorize existing one,,To do,
en:wholemeal-breads,Montenegro,en:montenegro,me,1,Yes,Categorize existing one,,To do,
en:wholemeal-sliced-breads,Montenegro,en:montenegro,me,1,Yes,Categorize existing one,,To do,
en:whole-wheat-english-muffins,Montenegro,en:montenegro,me,1,Yes,Categorize existing one,,To do,
en:wholemeal-rolls-for-hamburger,Montenegro,en:montenegro,me,1,Yes,Categorize existing one,,To do,
en:wholemeal-hot-dog-buns,Montenegro,en:montenegro,me,1,Yes,Categorize existing one,,To do,
en:wheat-wholemeal-swedish-toast,Montenegro,en:montenegro,me,1,Yes,Categorize existing one,,To do,
en:whole-wheat-english-muffins,Netherlands,en:netherlands,nl,1,Yes,Categorize existing one,,To do,
en:wholemeal-rolls-for-hamburger,Netherlands,en:netherlands,nl,1,Yes,Categorize existing one,,To do,
en:wholemeal-hot-dog-buns,Netherlands,en:netherlands,nl,1,Yes,Categorize existing one,,To do,
en:wheat-wholemeal-swedish-toast,Netherlands,en:netherlands,nl,1,Yes,Categorize existing one,,To do,
en:whole-wheat-english-muffins,Norway,en:norway,no,1,Yes,Categorize existing one,,To do,
en:wholemeal-rolls-for-hamburger,Norway,en:norway,no,1,Yes,Categorize existing one,,To do,
en:wholemeal-hot-dog-buns,Norway,en:norway,no,1,Yes,Categorize existing one,,To do,
en:wheat-wholemeal-swedish-toast,Norway,en:norway,no,1,Yes,Categorize existing one,,To do,
en:whole-wheat-english-muffins,Poland,en:poland,pl,1,Yes,Categorize existing one,,To do,
en:wholemeal-rolls-for-hamburger,Poland,en:poland,pl,1,Yes,Categorize existing one,,To do,
en:wholemeal-hot-dog-buns,Poland,en:poland,pl,1,Yes,Categorize existing one,,To do,
en:wheat-wholemeal-swedish-toast,Poland,en:poland,pl,1,Yes,Categorize existing one,,To do,
en:whole-wheat-english-muffins,Portugal,en:portugal,pt,1,Yes,Categorize existing one,,To do,
en:wholemeal-rolls-for-hamburger,Portugal,en:portugal,pt,1,Yes,Categorize existing one,,To do,
en:wholemeal-hot-dog-buns,Portugal,en:portugal,pt,1,Yes,Categorize existing one,,To do,
en:wheat-wholemeal-swedish-toast,Portugal,en:portugal,pt,1,Yes,Categorize existing one,,To do,
en:whole-wheat-english-muffins,Romania,en:romania,ro,1,Yes,Categorize existing one,,To do,
en:wholemeal-rolls-for-hamburger,Romania,en:romania,ro,1,Yes,Categorize existing one,,To do,
en:wholemeal-hot-dog-buns,Romania,en:romania,ro,1,Yes,Categorize existing one,,To do,
en:wheat-wholemeal-swedish-toast,Romania,en:romania,ro,1,Yes,Categorize existing one,,To do,
en:whole-wheat-english-muffins,Serbia,en:serbia,rs,1,Yes,Categorize existing one,,To do,
en:wholemeal-rolls-for-hamburger,Serbia,en:serbia,rs,1,Yes,Categorize existing one,,To do,
en:wholemeal-hot-dog-buns,Serbia,en:serbia,rs,1,Yes,Categorize existing one,,To do,
en:wheat-wholemeal-swedish-toast,Serbia,en:serbia,rs,1,Yes,Categorize existing one,,To do,
en:whole-wheat-english-muffins,Slovenia,en:slovenia,sv,1,Yes,Categorize existing one,,To do,
en:wholemeal-rolls-for-hamburger,Slovenia,en:slovenia,sv,1,Yes,Categorize existing one,,To do,
en:wholemeal-hot-dog-buns,Slovenia,en:slovenia,sv,1,Yes,Categorize existing one,,To do,
en:wheat-wholemeal-swedish-toast,Slovenia,en:slovenia,sv,1,Yes,Categorize existing one,,To do,
en:whole-wheat-english-muffins,Spain,en:spain,es,1,Yes,Categorize existing one,,To do,
en:wholemeal-rolls-for-hamburger,Spain,en:spain,es,1,Yes,Categorize existing one,,To do,
en:wholemeal-hot-dog-buns,Spain,en:spain,es,1,Yes,Categorize existing one,,To do,
en:wheat-wholemeal-swedish-toast,Spain,en:spain,es,1,Yes,Categorize existing one,,To do,
en:whole-wheat-english-muffins,Sweden,en:sweden,sv,1,Yes,Categorize existing one,,To do,
en:wholemeal-rolls-for-hamburger,Sweden,en:sweden,sv,1,Yes,Categorize existing one,,To do,
en:wheat-wholemeal-swedish-toast,Sweden,en:sweden,sv,1,Yes,Categorize existing one,,To do,
en:wholemeal-rolls-for-hamburger,Switzerland,en:switzerland,ch,1,Yes,Categorize existing one,,To do,
en:wholemeal-hot-dog-buns,Switzerland,en:switzerland,ch,1,Yes,Categorize existing one,,To do,
en:wheat-wholemeal-swedish-toast,Switzerland,en:switzerland,ch,1,Yes,Categorize existing one,,To do,
en:wholemeal-hot-dog-buns,United Kingdom,en:united-kingdom,uk,1,Yes,Categorize existing one,,To do,
en:wheat-wholemeal-swedish-toast,United Kingdom,en:united-kingdom,uk,1,Yes,Categorize existing one,,To do,
en:breads,Croatia,en:croatia,hr,1,Yes,Categorize existing one,4056489018636,To do,
en:breads,Cyprus,en:cyprus,cy,1,Yes,Categorize existing one,4056489018636,To do,
en:breads,Slovenia,en:slovenia,sv,1,Yes,Categorize existing one,4056489018636,To do,
en:wholemeal-breads,Switzerland,en:switzerland,ch,1,Yes,Categorize existing one,7610829640115,To do,
en:wholemeal-breads,Norway,en:norway,no,1,Yes,Categorize existing one,7032069715543,To do,
en:breads,Norway,en:norway,no,1,Yes,Categorize existing one,7300400129459,To do,
en:wholemeal-breads,Sweden,en:sweden,sv,1,Yes,Categorize existing one,7311070008708,To do,
en:breads,Sweden,en:sweden,sv,1,Yes,Categorize existing one,7311073456780,To do,
en:wholemeal-breads,Slovenia,en:slovenia,sv,1,Yes,Categorize existing one,20082185,To do,
en:wholemeal-breads,Croatia,en:croatia,hr,1,Yes,Categorize existing one,20051426,To do,
en:breads,Hungary,en:hungary,hu,1,Yes,Categorize existing one,4056489828105,To do,
en:wholemeal-breads,Hungary,en:hungary,hu,1,Yes,Categorize existing one,4056489828105,To do,
en:wholemeal-breads,Italy,en:italy,it,1,Yes,Categorize existing one,8076809504751,To do,
en:breads,Switzerland,en:switzerland,ch,1,Yes,Categorize existing one,11555797,To do,
en:breads,Italy,en:italy,it,1,Yes,Categorize existing one,8076809504720,To do,
en:breads,France,en:france,fr,1,Yes,Categorize existing one,3760049790214,To do,
en:wholemeal-breads,France,en:france,fr,1,Yes,Categorize existing one,3760049790214,To do,
en:wholemeal-breads,Malta,en:malta,mt,1,Yes,Categorize existing one,5351908001916,To do,
en:breads,Malta,en:malta,mt,1,Yes,Categorize existing one,4056489892649,To do,
en:wholemeal-breads,Cyprus,en:cyprus,cy,1,Yes,Categorize existing one,,To do,
en:breads,United Kingdom,en:united-kingdom,uk,1,Yes,Categorize existing one,5025125000006,To do,
en:breads,Finland,en:finland,fi,1,Yes,Categorize existing one,6437002001454,To do,
en:breads,Portugal,en:portugal,pt,1,Yes,Categorize existing one,8710482532303,To do,
en:wheat-breads,Ireland,en:ireland,ie,1,Yes,Categorize existing one,5011059000014,To do,
en:wheat-breads,Finland,en:finland,fi,1,Yes,Categorize existing one,7340191144620,To do,
en:breads,Croatia,en:croatia,hr,1,Yes,Categorize existing one,4056489018636,To do,
en:wheat-breads,Croatia,en:croatia,hr,1,Yes,Categorize existing one,4056489018636,To do,
en:breads,Cyprus,en:cyprus,cy,1,Yes,Categorize existing one,4056489018636,To do,
en:wheat-breads,Cyprus,en:cyprus,cy,1,Yes,Categorize existing one,4056489018636,To do,
en:wheat-breads,Czech Republic,en:czech-republic,cs,1,Yes,Categorize existing one,4056489018636,To do,
en:wheat-breads,Greece,en:greece,el,1,Yes,Categorize existing one,4056489018636,To do,
en:wheat-breads,Hungary,en:hungary,hu,1,Yes,Categorize existing one,4056489018636,To do,
en:wheat-breads,Lithuania,en:lithuania,lt,1,Yes,Categorize existing one,4056489018636,To do,
en:wheat-breads,Serbia,en:serbia,rs,1,Yes,Categorize existing one,4056489018636,To do,
en:wheat-breads,Slovakia,en:slovakia,sk,1,Yes,Categorize existing one,4056489018636,To do,
en:breads,Slovenia,en:slovenia,sv,1,Yes,Categorize existing one,4056489018636,To do,
en:wheat-breads,Slovenia,en:slovenia,sv,1,Yes,Categorize existing one,4056489018636,To do,
en:breads,Germany,en:germany,de,1,Yes,Categorize existing one,6410500090014,To do,
en:wheat-breads,Austria,en:austria,at,1,Yes,Categorize existing one,9005300019005,To do,
en:wheat-breads,Denmark,en:denmark,dk,1,Yes,Categorize existing one,7311311020599,To do,
en:wheat-breads,France,en:france,fr,1,Yes,Categorize existing one,8410076470812,To do,
en:breads,Denmark,en:denmark,dk,1,Yes,Categorize existing one,5701205008994,To do,
en:wheat-breads,Belgium,en:belgium,be,1,Yes,Categorize existing one,5412514935559,To do,
en:breads,Czech Republic,en:czech-republic,cs,1,Yes,Categorize existing one,4056489328766,To do,
en:wheat-breads,Poland,en:poland,pl,1,Yes,Categorize existing one,5900928089390,To do,
en:breads,Montenegro,en:montenegro,me,1,Yes,Categorize existing one,7300400112734,To do,
en:breads,Norway,en:norway,no,1,Yes,Categorize existing one,7300400129459,To do,
en:wheat-breads,Estonia,en:estonia,ee,1,Yes,Categorize existing one,4056489918196,To do,
en:breads,Greece,en:greece,el,1,Yes,Categorize existing one,5201673001034,To do,
en:wheat-breads,Germany,en:germany,de,1,Yes,Categorize existing one,4061458236928,To do,
en:breads,Poland,en:poland,pl,1,Yes,Categorize existing one,5900320001303,To do,
en:wheat-breads,Netherlands,en:netherlands,nl,1,Yes,Categorize existing one,4056489374794,To do,
en:breads,Sweden,en:sweden,sv,1,Yes,Categorize existing one,7311073456780,To do,
en:wheat-breads,Luxembourg,en:luxembourg,lu,1,Yes,Categorize existing one,27079065,To do,
en:wheat-breads,Portugal,en:portugal,pt,1,Yes,Categorize existing one,8480000809421,To do,
en:wheat-breads,Spain,en:spain,es,1,Yes,Categorize existing one,8480000809421,To do,
en:breads,Ireland,en:ireland,ie,1,Yes,Categorize existing one,5099630002237,To do,
en:wheat-breads,Norway,en:norway,no,1,Yes,Categorize existing one,7311311021169,To do,
en:breads,Austria,en:austria,at,1,Yes,Categorize existing one,9100000139500,To do,
en:breads,Belgium,en:belgium,be,1,Yes,Categorize existing one,7300400481700,To do,
en:breads,Netherlands,en:netherlands,nl,1,Yes,Categorize existing one,7300400481700,To do,
en:breads,Estonia,en:estonia,ee,1,Yes,Categorize existing one,4740072251554,To do,
en:breads,Spain,en:spain,es,1,Yes,Categorize existing one,8480000093691,To do,
en:breads,Hungary,en:hungary,hu,1,Yes,Categorize existing one,4056489828105,To do,
en:wheat-breads,Switzerland,en:switzerland,ch,1,Yes,Categorize existing one,7613312425527,To do,
en:breads,Luxembourg,en:luxembourg,lu,1,Yes,Categorize existing one,3228857000166,To do,
en:wheat-breads,Latvia,en:latvia,lv,1,Yes,Categorize existing one,4750212903021,To do,
en:wheat-breads,Italy,en:italy,it,1,Yes,Categorize existing one,8076809530859,To do,
en:breads,Switzerland,en:switzerland,ch,1,Yes,Categorize existing one,11555797,To do,
en:wheat-breads,United Kingdom,en:united-kingdom,uk,1,Yes,Categorize existing one,5060198641251,To do,
en:breads,Latvia,en:latvia,lv,1,Yes,Categorize existing one,4750212900754,To do,
en:breads,Italy,en:italy,it,1,Yes,Categorize existing one,8076809504720,To do,
en:breads,France,en:france,fr,1,Yes,Categorize existing one,3760049790214,To do,
en:breads,Serbia,en:serbia,rs,1,Yes,Categorize existing one,4056489983507,To do,
en:breads,Romania,en:romania,ro,1,Yes,Categorize existing one,5941143015740,To do,
en:wheat-breads,Romania,en:romania,ro,1,Yes,Categorize existing one,5941143015740,To do,
en:wheat-breads,Sweden,en:sweden,sv,1,Yes,Categorize existing one,7311070337297,To do,
en:breads,Lithuania,en:lithuania,lt,1,Yes,Categorize existing one,4770163201236,To do,
en:breads,Malta,en:malta,mt,1,Yes,Categorize existing one,4056489892649,To do,
en:breads,Slovakia,en:slovakia,sk,1,Yes,Categorize existing one,8588003676030,To do,
en:wheat-breads,Malta,en:malta,mt,1,Yes,Categorize existing one,5351908000070,To do,
en:wheat-breads,Montenegro,en:montenegro,me,1,Yes,Categorize existing one,,To do,
en:breads-with-corn,Croatia,en:croatia,hr,1,Yes,Categorize existing one,,To do,
en:cereal-bars,United Kingdom,en:united-kingdom,uk,1,Yes,Categorize existing one,5060482840179,To do,
en:cereal-flakes,Luxembourg,en:luxembourg,lu,1,Yes,Categorize existing one,5050083296079,To do,
en:cereal-flakes,Belgium,en:belgium,be,1,Yes,Categorize existing one,8710100426588,To do,
en:extruded-cereals,Sweden,en:sweden,sv,1,Yes,Categorize existing one,7312560057404,To do,
en:extruded-cereals,Portugal,en:portugal,pt,1,Yes,Categorize existing one,5601001187803,To do,
en:cornmeal,Germany,en:germany,de,1,Yes,Categorize existing one,4316268692649,To do,
en:cornmeal,United Kingdom,en:united-kingdom,uk,1,Yes,Categorize existing one,5057753440176,To do,
en:cornmeal,Ireland,en:ireland,ie,1,Yes,Categorize existing one,7503015447035,To do,
en:cornmeal,Netherlands,en:netherlands,nl,1,Yes,Categorize existing one,8715017060023,To do,
en:cornmeal,Finland,en:finland,fi,1,Yes,Categorize existing one,,To do,
en:mueslis,Norway,en:norway,no,1,Yes,Categorize existing one,7039010578530,To do,
en:mueslis,Sweden,en:sweden,sv,1,Yes,Categorize existing one,7310240001785,To do,
en:mueslis,Austria,en:austria,at,1,Yes,Categorize existing one,9100000969985,To do,
en:mueslis,Denmark,en:denmark,dk,1,Yes,Categorize existing one,5701018056694,To do,
en:bircher-style-sugar-free-muesli-flakes-with-fruits,Switzerland,en:switzerland,ch,1,Yes,Categorize existing one,3229820794549,To do,
en:bircher-style-mueslis-with-fruits,Switzerland,en:switzerland,ch,1,Yes,Categorize existing one,4056489238379,To do,
en:crunchy-mueslis-with-chocolate,Switzerland,en:switzerland,ch,1,Yes,Categorize existing one,7613356686502,To do,
en:crunchy-muesli-with-chocolate-not-fortified-with-vitamins-and-chemical-elements,Switzerland,en:switzerland,ch,1,Yes,Categorize existing one,7613356686502,To do,
en:bircher-style-mueslis,Switzerland,en:switzerland,ch,1,Yes,Categorize existing one,7624841883665,To do,
en:muesli-flakes-not-fortified-with-vitamins-and-chemical-elements,Switzerland,en:switzerland,ch,1,Yes,Categorize existing one,7624841883665,To do,
en:crunchy-muesli-with-fruits-not-fortified-with-vitamins-and-chemical-elements,Switzerland,en:switzerland,ch,1,Yes,Categorize existing one,7624841883665,To do,
en:mueslis-with-fruits,Switzerland,en:switzerland,ch,1,Yes,Categorize existing one,7610023002047,To do,
en:crunchy-mueslis-with-fruits,Switzerland,en:switzerland,ch,1,Yes,Categorize existing one,7610023002047,To do,
en:crunchy-muesli-with-fruits-fortified-with-vitamins-and-chemical-elements,Switzerland,en:switzerland,ch,1,Yes,Categorize existing one,7610023002047,To do,
en:crunchy-mueslis,Switzerland,en:switzerland,ch,1,Yes,Categorize existing one,7610023000173,To do,
en:mueslis-with-nuts,Switzerland,en:switzerland,ch,1,Yes,Categorize existing one,7610023002252,To do,
en:mueslis-with-chocolate,Switzerland,en:switzerland,ch,1,Yes,Categorize existing one,7612100908464,To do,
en:mueslis,Switzerland,en:switzerland,ch,1,Yes,Categorize existing one,12516797,To do,
en:bircher-style-mueslis-with-chocolate,Switzerland,en:switzerland,ch,1,Yes,Categorize existing one,,To do,
en:bircher-style-muesli-flakes-with-fruits-fortified-with-vitamins-and-chemical-elements,Switzerland,en:switzerland,ch,1,Yes,Categorize existing one,,To do,
en:bircher-style-muesli-flakes-with-fruits-not-fortified-with-vitamins-and-chemical-elements,Switzerland,en:switzerland,ch,1,Yes,Categorize existing one,,To do,
en:muesli-flakes-fortified-with-vitamins-and-chemical-elements,Switzerland,en:switzerland,ch,1,Yes,Categorize existing one,,To do,
en:crunchy-chocolate-muesli-fortified-with-vitamins-and-chemical-elements,Switzerland,en:switzerland,ch,1,Yes,Categorize existing one,,To do,
en:crunchy-mueslis-without-fruits,Switzerland,en:switzerland,ch,1,Yes,Categorize existing one,,To do,
en:porridge,Austria,en:austria,at,1,Yes,Categorize existing one,4099200027715,To do,
en:puffed-cereals,Belgium,en:belgium,be,1,Yes,Categorize existing one,5059319023533,To do,
en:puffed-cereals,Luxembourg,en:luxembourg,lu,1,Yes,Categorize existing one,4104420018709,To do,
en:porridge-with-fruits,Ireland,en:ireland,ie,1,Yes,Categorize existing one,29310661,To do,
en:instant-porridges-with-milk-powder,United Kingdom,en:united-kingdom,uk,1,Yes,Categorize existing one,5060146370714,To do,
en:instant-porridges-with-milk-powder,Finland,en:finland,fi,1,Yes,Categorize existing one,,To do,
en:instant-porridges-with-milk-powder,Ireland,en:ireland,ie,1,Yes,Categorize existing one,,To do,
en:instant-porridges-with-milk-powder,Netherlands,en:netherlands,nl,1,Yes,Categorize existing one,,To do,
en:instant-porridges-with-milk-powder,Poland,en:poland,pl,1,Yes,Categorize existing one,,To do,
en:instant-porridges-with-milk-powder,Slovenia,en:slovenia,sv,1,Yes,Categorize existing one,,To do,
en:porridge,Croatia,en:croatia,hr,1,Yes,Categorize existing one,3856020264789,To do,
en:porridge,Serbia,en:serbia,rs,1,Yes,Categorize existing one,3856020264789,To do,
en:porridge,Slovenia,en:slovenia,sv,1,Yes,Categorize existing one,3856020264789,To do,
en:porridge,Ireland,en:ireland,ie,1,Yes,Categorize existing one,5099801000031,To do,
en:porridge,Montenegro,en:montenegro,me,1,Yes,Categorize existing one,8606012145795,To do,
en:porridge,Finland,en:finland,fi,1,Yes,Categorize existing one,6411200104858,To do,
en:corn-flakes,Italy,en:italy,it,1,Yes,Categorize existing one,8010265640202,To do,
en:corn-flakes,Denmark,en:denmark,dk,1,Yes,Categorize existing one,5738001092490,To do,
en:corn-flakes,Ireland,en:ireland,ie,1,Yes,Categorize existing one,5059319030517,To do,
en:corn-flakes,United Kingdom,en:united-kingdom,uk,1,Yes,Categorize existing one,5059319030517,To do,
en:mixed-cereal-flakes,Ireland,en:ireland,ie,1,Yes,Categorize existing one,5000127163096,To do,
en:mixed-cereal-flakes,Cyprus,en:cyprus,cy,1,Yes,Categorize existing one,5059319025841,To do,
en:mixed-cereal-flakes,United Kingdom,en:united-kingdom,uk,1,Yes,Categorize existing one,5059319029016,To do,
en:mixed-cereal-flakes,Greece,en:greece,el,1,Yes,Categorize existing one,,To do,
en:mixed-cereal-flakes,Malta,en:malta,mt,1,Yes,Categorize existing one,,To do,
en:mixed-cereal-flakes,Romania,en:romania,ro,1,Yes,Categorize existing one,,To do,
en:cooked-oat-flakes,Croatia,en:croatia,hr,1,Yes,Categorize existing one,,To do,
en:cooked-oat-flakes,Hungary,en:hungary,hu,1,Yes,Categorize existing one,,To do,
en:cooked-oat-flakes,Latvia,en:latvia,lv,1,Yes,Categorize existing one,,To do,
en:cooked-oat-flakes,Lithuania,en:lithuania,lt,1,Yes,Categorize existing one,,To do,
en:extruded-wheat-flakes,United Kingdom,en:united-kingdom,uk,1,Yes,Categorize existing one,5057753158422,To do,
en:extruded-wheat-flakes,Spain,en:spain,es,1,Yes,Categorize existing one,3560070252268,To do,
en:extruded-wheat-flakes,Ireland,en:ireland,ie,1,Yes,Categorize existing one,5000127062092,To do,
en:porridge-with-chocolate,Slovenia,en:slovenia,sv,1,Yes,Categorize existing one,3856020264789,To do,
en:porridge,Slovenia,en:slovenia,sv,1,Yes,Categorize existing one,3856020264789,To do,
en:porridge-with-fruits,Slovenia,en:slovenia,sv,1,Yes,Categorize existing one,,To do,
en:plain-porridge,Slovenia,en:slovenia,sv,1,Yes,Categorize existing one,,To do,
en:instant-porridges-with-milk-powder,Slovenia,en:slovenia,sv,1,Yes,Categorize existing one,,To do,
en:strudels,Croatia,en:croatia,hr,1,Yes,Categorize existing one,3859891902804,To do,
en:strudels,Austria,en:austria,at,1,Yes,Categorize existing one,9005573450147,To do,
en:apple-cakes,Austria,en:austria,at,1,Yes,Categorize existing one,,To do,
en:apple-cakes,Austria,en:austria,at,1,Yes,Categorize existing one,,To do,
en:apple-cakes,Croatia,en:croatia,hr,1,Yes,Categorize existing one,,To do,
en:apple-cakes,Croatia,en:croatia,hr,1,Yes,Categorize existing one,,To do,
en:filled-biscuits,Ireland,en:ireland,ie,1,Yes,Categorize existing one,4088600257402,To do,
en:filled-biscuits,Croatia,en:croatia,hr,1,Yes,Categorize existing one,8410376051384,To do,
en:filled-biscuits,Norway,en:norway,no,1,Yes,Categorize existing one,7090054420490,To do,
en:filled-biscuits,United Kingdom,en:united-kingdom,uk,1,Yes,Categorize existing one,7622300315283,To do,
en:filled-biscuits,Finland,en:finland,fi,1,Yes,Categorize existing one,7622210137258,To do,
en:filled-biscuits,Sweden,en:sweden,sv,1,Yes,Categorize existing one,7622210137258,To do,
en:filled-biscuits,France,en:france,fr,1,Yes,Categorize existing one,7622210449283,To do,
en:filled-biscuits,Italy,en:italy,it,1,Yes,Categorize existing one,8076809580670,To do,
en:filled-biscuits,Netherlands,en:netherlands,nl,1,Yes,Categorize existing one,8718907222389,To do,
en:biscuits,Slovenia,en:slovenia,sv,1,Yes,Categorize existing one,3850102314126,To do,
en:biscuits,Switzerland,en:switzerland,ch,1,Yes,Categorize existing one,8076809540124,To do,
en:biscuits,Germany,en:germany,de,1,Yes,Categorize existing one,4001518117316,To do,
en:chocolate-biscuits,Montenegro,en:montenegro,me,1,Yes,Categorize existing one,8600043005059,To do,
en:chocolate-biscuits,Serbia,en:serbia,rs,1,Yes,Categorize existing one,8600043005059,To do,
en:chocolate-biscuits,Luxembourg,en:luxembourg,lu,1,Yes,Categorize existing one,3229820100234,To do,
en:chocolate-biscuits,Ireland,en:ireland,ie,1,Yes,Categorize existing one,5099801002097,To do,
en:chocolate-biscuits,Belgium,en:belgium,be,1,Yes,Categorize existing one,5410041014600,To do,
en:chocolate-biscuits,United Kingdom,en:united-kingdom,uk,1,Yes,Categorize existing one,61232202556,To do,
en:plain-wheat-biscuits,United Kingdom,en:united-kingdom,uk,1,Yes,Categorize existing one,5000168198491,To do,
en:plain-wheat-biscuits,Italy,en:italy,it,1,Yes,Categorize existing one,8002190001395,To do,
en:plain-wheat-biscuits,Spain,en:spain,es,1,Yes,Categorize existing one,8434165611405,To do,
en:plain-wheat-biscuits,Cyprus,en:cyprus,cy,1,Yes,Categorize existing one,,To do,
en:plain-wheat-biscuits,Czech Republic,en:czech-republic,cs,1,Yes,Categorize existing one,,To do,
en:plain-wheat-biscuits,Denmark,en:denmark,dk,1,Yes,Categorize existing one,,To do,
en:plain-wheat-biscuits,Estonia,en:estonia,ee,1,Yes,Categorize existing one,,To do,
en:plain-wheat-biscuits,Hungary,en:hungary,hu,1,Yes,Categorize existing one,,To do,
en:plain-wheat-biscuits,Ireland,en:ireland,ie,1,Yes,Categorize existing one,,To do,
en:plain-wheat-biscuits,Malta,en:malta,mt,1,Yes,Categorize existing one,,To do,
en:plain-wheat-biscuits,Netherlands,en:netherlands,nl,1,Yes,Categorize existing one,,To do,
en:plain-wheat-biscuits,Portugal,en:portugal,pt,1,Yes,Categorize existing one,,To do,
en:plain-wheat-biscuits,Slovakia,en:slovakia,sk,1,Yes,Categorize existing one,,To do,
en:plain-wheat-biscuits,Slovenia,en:slovenia,sv,1,Yes,Categorize existing one,,To do,
en:biscuits,Spain,en:spain,es,1,Yes,Categorize existing one,8480000142139,To do,
en:biscuits,Ireland,en:ireland,ie,1,Yes,Categorize existing one,20471613,To do,
en:biscuits,Denmark,en:denmark,dk,1,Yes,Categorize existing one,7622201748999,To do,
en:brioches,Germany,en:germany,de,1,Yes,Categorize existing one,7311070346916,To do,
en:brioches,France,en:france,fr,1,Yes,Categorize existing one,3284230006408,To do,
en:brioches,Austria,en:austria,at,1,Yes,Categorize existing one,9005300011184,To do,
en:brioches,Belgium,en:belgium,be,1,Yes,Categorize existing one,3256549999542,To do,
en:brioches,Luxembourg,en:luxembourg,lu,1,Yes,Categorize existing one,,To do,
en:special-breads,Czech Republic,en:czech-republic,cs,1,Yes,Categorize existing one,8595643808295,To do,
en:hamburger-buns,Poland,en:poland,pl,1,Yes,Categorize existing one,5907653104725,To do,
en:hamburger-buns,Czech Republic,en:czech-republic,cs,1,Yes,Categorize existing one,4063367004964,To do,
en:special-breads,Croatia,en:croatia,hr,1,Yes,Categorize existing one,4000446011376,To do,
en:special-breads,Finland,en:finland,fi,1,Yes,Categorize existing one,6408180737596,To do,
en:hamburger-buns,Finland,en:finland,fi,1,Yes,Categorize existing one,20006358,To do,
en:special-breads,Poland,en:poland,pl,1,Yes,Categorize existing one,20417673,To do,
en:special-breads,Sweden,en:sweden,sv,1,Yes,Categorize existing one,7311379536292,To do,
en:hamburger-buns,Sweden,en:sweden,sv,1,Yes,Categorize existing one,7311379536292,To do,
en:hamburger-buns,Croatia,en:croatia,hr,1,Yes,Categorize existing one,4022993046076,To do,
en:special-breads,Latvia,en:latvia,lv,1,Yes,Categorize existing one,,To do,
en:hamburger-buns,Latvia,en:latvia,lv,1,Yes,Categorize existing one,,To do,
en:special-breads,Lithuania,en:lithuania,lt,1,Yes,Categorize existing one,,To do,
en:hamburger-buns,Lithuania,en:lithuania,lt,1,Yes,Categorize existing one,,To do,
en:special-breads,Slovakia,en:slovakia,sk,1,Yes,Categorize existing one,,To do,
en:hamburger-buns,Slovakia,en:slovakia,sk,1,Yes,Categorize existing one,,To do,
en:Sablés au beurre,Bulgaria,en:bulgaria,bg,0,Yes,Categorize existing one,,To do,
en:Sablés au beurre,Greece,en:greece,el,0,Yes,Categorize existing one,,To do,
en:Sablés au beurre,Latvia,en:latvia,lv,0,Yes,Categorize existing one,,To do,
en:Sablés au beurre,Lithuania,en:lithuania,lt,0,Yes,Categorize existing one,,To do,
en:Sablés au beurre,Romania,en:romania,ro,0,Yes,Categorize existing one,,To do,
en:cakes,Germany,en:germany,de,1,Yes,Categorize existing one,40084725,To do,
en:cakes,Malta,en:malta,mt,1,Yes,Categorize existing one,7071864009129,To do,
en:cakes,United Kingdom,en:united-kingdom,uk,1,Yes,Categorize existing one,3178530407983,To do,
en:cakes,Portugal,en:portugal,pt,1,Yes,Categorize existing one,8001585001224,To do,
en:cakes,Norway,en:norway,no,1,Yes,Categorize existing one,7311070006209,To do,
en:cakes,Cyprus,en:cyprus,cy,1,Yes,Categorize existing one,,To do,
en:clafoutis,France,en:france,fr,1,Yes,Categorize existing one,3023290643488,To do,
en:fruit-cakes,France,en:france,fr,1,Yes,Categorize existing one,3088866541056,To do,
en:apple-cakes,France,en:france,fr,1,Yes,Categorize existing one,3259426038211,To do,
en:soft-cake-filled-with-fruits,France,en:france,fr,1,Yes,Categorize existing one,3178530421224,To do,
en:cakes,France,en:france,fr,1,Yes,Categorize existing one,3178530410105,To do,
en:chocolate-cakes,Luxembourg,en:luxembourg,lu,1,Yes,Categorize existing one,5400141447590,To do,
en:chocolate-cakes,Austria,en:austria,at,1,Yes,Categorize existing one,9120016602126,To do,
en:chocolate-cakes,Greece,en:greece,el,1,Yes,Categorize existing one,5200327603280,To do,
en:chocolate-cakes,Hungary,en:hungary,hu,1,Yes,Categorize existing one,3017760524896,To do,
en:chocolate-cakes,Croatia,en:croatia,hr,1,Yes,Categorize existing one,7312930010886,To do,
en:chocolate-cakes,Belgium,en:belgium,be,1,Yes,Categorize existing one,5410063033078,To do,
en:chocolate-cakes,Cyprus,en:cyprus,cy,1,Yes,Categorize existing one,,To do,
en:chocolate-cakes,Malta,en:malta,mt,1,Yes,Categorize existing one,,To do,
en:cream-pies,Netherlands,en:netherlands,nl,1,Yes,Categorize existing one,8718627882733,To do,
en:cream-pies,Romania,en:romania,ro,1,Yes,Categorize existing one,5202535477011,To do,
en:cream-pies,Czech Republic,en:czech-republic,cs,1,Yes,Categorize existing one,,To do,
en:cream-pies,Finland,en:finland,fi,1,Yes,Categorize existing one,,To do,
en:cream-pies,Latvia,en:latvia,lv,1,Yes,Categorize existing one,,To do,
en:cream-pies,Lithuania,en:lithuania,lt,1,Yes,Categorize existing one,,To do,
en:cream-pies,Slovakia,en:slovakia,sk,1,Yes,Categorize existing one,,To do,
en:cream-pies,Sweden,en:sweden,sv,1,Yes,Categorize existing one,,To do,
en:strudels,Croatia,en:croatia,hr,1,Yes,Categorize existing one,3859891902804,To do,
en:croissants,Italy,en:italy,it,1,Yes,Categorize existing one,8001720645238,To do,
en:croissants,Netherlands,en:netherlands,nl,1,Yes,Categorize existing one,8713788118363,To do,
en:croissants,Denmark,en:denmark,dk,1,Yes,Categorize existing one,8437003248313,To do,
en:croissants,Portugal,en:portugal,pt,1,Yes,Categorize existing one,5601312175483,To do,
en:croissants,France,en:france,fr,1,Yes,Categorize existing one,3256540000339,To do,
en:croissants,Montenegro,en:montenegro,me,1,Yes,Categorize existing one,,To do,
en:croissants,Serbia,en:serbia,rs,1,Yes,Categorize existing one,,To do,
en:croissant-filled-with-chocolate,Greece,en:greece,el,1,Yes,Categorize existing one,5201360528561,To do,
en:croissant-filled-with-chocolate,Cyprus,en:cyprus,cy,1,Yes,Categorize existing one,,To do,
en:croissant-filled-with-chocolate,Malta,en:malta,mt,1,Yes,Categorize existing one,,To do,
en:croissant-filled-with-jam,Slovenia,en:slovenia,sv,1,Yes,Categorize existing one,,To do,
en:doughnuts,Croatia,en:croatia,hr,1,Yes,Categorize existing one,2921080000019,To do,
en:doughnuts,Montenegro,en:montenegro,me,1,Yes,Categorize existing one,,To do,
en:sweet-dumpling-squashes,Austria,en:austria,at,1,Yes,Categorize existing one,,To do,
en:sweet-dumpling-squashes,Hungary,en:hungary,hu,1,Yes,Categorize existing one,,To do,
en:sweet-dumpling-squashes,Poland,en:poland,pl,1,Yes,Categorize existing one,,To do,
en:,Cyprus,en:cyprus,cy,0,Yes,Categorize existing one,,To do,
en:,Finland,en:finland,fi,0,Yes,Categorize existing one,,To do,
en:,Malta,en:malta,mt,0,Yes,Categorize existing one,,To do,
en:fruit-cakes,Ireland,en:ireland,ie,1,Yes,Categorize existing one,5099420032864,To do,
en:fruit-cakes,Serbia,en:serbia,rs,1,Yes,Categorize existing one,5400113046783,To do,
en:fruit-cakes,Austria,en:austria,at,1,Yes,Categorize existing one,,To do,
en:fruit-cakes,Montenegro,en:montenegro,me,1,Yes,Categorize existing one,,To do,
en:fruit-cakes,Romania,en:romania,ro,1,Yes,Categorize existing one,,To do,
en:fruit-tarts,Switzerland,en:switzerland,ch,1,Yes,Categorize existing one,7623186244315,To do,
en:fruit-tarts,Ireland,en:ireland,ie,1,Yes,Categorize existing one,2000000262642,To do,
en:fruit-tarts,Netherlands,en:netherlands,nl,1,Yes,Categorize existing one,3270160420186,To do,
en:fruit-tarts,France,en:france,fr,1,Yes,Categorize existing one,3045320525137,To do,
en:fruit-tarts,Belgium,en:belgium,be,1,Yes,Categorize existing one,5400101210264,To do,
en:fruit-tarts,Hungary,en:hungary,hu,1,Yes,Categorize existing one,,To do,
en:fruit-tarts,Latvia,en:latvia,lv,1,Yes,Categorize existing one,,To do,
en:fruit-tarts,Lithuania,en:lithuania,lt,1,Yes,Categorize existing one,,To do,
en:fruit-tarts,Luxembourg,en:luxembourg,lu,1,Yes,Categorize existing one,,To do,
en:pastries,Romania,en:romania,ro,1,Yes,Categorize existing one,4056489182528,To do,
en:bread-pretzels,Romania,en:romania,ro,1,Yes,Categorize existing one,,To do,
en:danish-style-rye-breads,Romania,en:romania,ro,1,Yes,Categorize existing one,,To do,
en:Nürnberger Lebkuchen,Germany,en:germany,de,0,Yes,Categorize existing one,,To do,
en:Nürnberger Lebkuchen,Netherlands,en:netherlands,nl,0,Yes,Categorize existing one,,To do,
en:muffins,Spain,en:spain,es,1,Yes,Categorize existing one,8480000849007,To do,
en:muffins,Finland,en:finland,fi,1,Yes,Categorize existing one,6410405324139,To do,
en:muffins,United Kingdom,en:united-kingdom,uk,1,Yes,Categorize existing one,4056489822806,To do,
en:pancakes,Poland,en:poland,pl,1,Yes,Categorize existing one,5903890433338,To do,
en:pancakes,Lithuania,en:lithuania,lt,1,Yes,Categorize existing one,20955564,To do,
en:pancakes,Finland,en:finland,fi,1,Yes,Categorize existing one,6410405272720,To do,
en:pancakes,France,en:france,fr,1,Yes,Categorize existing one,3187670002347,To do,
en:pancakes,Sweden,en:sweden,sv,1,Yes,Categorize existing one,7340083467127,To do,
en:pancakes,Austria,en:austria,at,1,Yes,Categorize existing one,7610089071384,To do,
en:pancakes,Germany,en:germany,de,1,Yes,Categorize existing one,5410792617556,To do,
en:pancakes,Croatia,en:croatia,hr,1,Yes,Categorize existing one,,To do,
en:pancakes,Latvia,en:latvia,lv,1,Yes,Categorize existing one,,To do,
en:pancakes,Montenegro,en:montenegro,me,1,Yes,Categorize existing one,,To do,
en:pancakes,Serbia,en:serbia,rs,1,Yes,Categorize existing one,,To do,
en:pancakes,Slovenia,en:slovenia,sv,1,Yes,Categorize existing one,,To do,
en:frozen-dessert-puff-pastry,Denmark,en:denmark,dk,1,Yes,Categorize existing one,,To do,
en:frozen-dessert-puff-pastry,Hungary,en:hungary,hu,1,Yes,Categorize existing one,,To do,
en:cakes,Greece,en:greece,el,1,Yes,Categorize existing one,5201182019315,To do,
en:plain-madeleines,Netherlands,en:netherlands,nl,1,Yes,Categorize existing one,5414252004290,To do,
en:cakes,Netherlands,en:netherlands,nl,1,Yes,Categorize existing one,8710466301222,To do,
en:plain-madeleines,Greece,en:greece,el,1,Yes,Categorize existing one,,To do,
en:plain-cheesecakes,Greece,en:greece,el,1,Yes,Categorize existing one,,To do,
en:plain-breton-pudding-cake,Greece,en:greece,el,1,Yes,Categorize existing one,,To do,
en:plain-cheesecakes,Netherlands,en:netherlands,nl,1,Yes,Categorize existing one,,To do,
en:plain-breton-pudding-cake,Netherlands,en:netherlands,nl,1,Yes,Categorize existing one,,To do,
en:chocolate-croissant,France,en:france,fr,1,Yes,Categorize existing one,3256540001008,To do,
en:scones,United Kingdom,en:united-kingdom,uk,1,Yes,Categorize existing one,5052003583214,To do,
en:scones,Ireland,en:ireland,ie,1,Yes,Categorize existing one,287521001000,To do,
en:shortcrust-pastry,Belgium,en:belgium,be,1,Yes,Categorize existing one,5400112128800,To do,
en:shortcrust-pastry,Germany,en:germany,de,1,Yes,Categorize existing one,20004361,To do,
en:shortcrust-pastry,Hungary,en:hungary,hu,1,Yes,Categorize existing one,,To do,
en:shortcrust-pastry,Luxembourg,en:luxembourg,lu,1,Yes,Categorize existing one,,To do,
en:sponge-cakes,Belgium,en:belgium,be,1,Yes,Categorize existing one,5410041134803,To do,
en:sponge-cakes,Italy,en:italy,it,1,Yes,Categorize existing one,4008400290829,To do,
en:sponge-cakes,Ireland,en:ireland,ie,1,Yes,Categorize existing one,5099874315223,To do,
en:sponge-cakes,Hungary,en:hungary,hu,1,Yes,Categorize existing one,,To do,
en:sponge-cakes,Luxembourg,en:luxembourg,lu,1,Yes,Categorize existing one,,To do,
en:bakery-products,United Kingdom,en:united-kingdom,uk,1,Yes,Categorize existing one,5025125000433,To do,
en:sweet-pastries-and-pies,United Kingdom,en:united-kingdom,uk,1,Yes,Categorize existing one,5000436734345,To do,
en:viennoiseries,United Kingdom,en:united-kingdom,uk,1,Yes,Categorize existing one,5000436734345,To do,
en:pastries,United Kingdom,en:united-kingdom,uk,1,Yes,Categorize existing one,5010822115078,To do,
en:wafers,Hungary,en:hungary,hu,1,Yes,Categorize existing one,9000331604275,To do,
en:wafers,Croatia,en:croatia,hr,1,Yes,Categorize existing one,3850102326150,To do,
en:wafers,Cyprus,en:cyprus,cy,1,Yes,Categorize existing one,5201004020338,To do,
en:wafers,Serbia,en:serbia,rs,1,Yes,Categorize existing one,5201004020338,To do,
en:wafers,Luxembourg,en:luxembourg,lu,1,Yes,Categorize existing one,5410041014600,To do,
en:wafers,Slovakia,en:slovakia,sk,1,Yes,Categorize existing one,8584004040108,To do,
en:wafers,Czech Republic,en:czech-republic,cs,1,Yes,Categorize existing one,8584004030000,To do,
en:wafers,Malta,en:malta,mt,1,Yes,Categorize existing one,,To do,
en:waffles,Netherlands,en:netherlands,nl,1,Yes,Categorize existing one,8718215836445,To do,
en:waffles,Belgium,en:belgium,be,1,Yes,Categorize existing one,5410041014600,To do,
en:waffles,Luxembourg,en:luxembourg,lu,1,Yes,Categorize existing one,5410041014600,To do,
en:waffles,Norway,en:norway,no,1,Yes,Categorize existing one,7037610232104,To do,
en:filled-croissants,Hungary,en:hungary,hu,1,Yes,Categorize existing one,5310192000142,To do,
en:waffles,United Kingdom,en:united-kingdom,uk,1,Yes,Categorize existing one,5000168014104,To do,
en:sweet-pastries-and-pies,United Kingdom,en:united-kingdom,uk,1,Yes,Categorize existing one,5000436734345,To do,
en:viennoiseries,United Kingdom,en:united-kingdom,uk,1,Yes,Categorize existing one,5000436734345,To do,
en:croissants,United Kingdom,en:united-kingdom,uk,1,Yes,Categorize existing one,5000436734345,To do,
en:vienna-bread,United Kingdom,en:united-kingdom,uk,1,Yes,Categorize existing one,5057753940010,To do,
en:milk-bread-rolls,United Kingdom,en:united-kingdom,uk,1,Yes,Categorize existing one,3256540031029,To do,
en:brioches,Hungary,en:hungary,hu,1,Yes,Categorize existing one,4061464065208,To do,
en:milk-bread-rolls,Hungary,en:hungary,hu,1,Yes,Categorize existing one,4099200010724,To do,
en:pastries,United Kingdom,en:united-kingdom,uk,1,Yes,Categorize existing one,5010822115078,To do,
en:pastries,Hungary,en:hungary,hu,1,Yes,Categorize existing one,9100000900094,To do,
en:waffles,Hungary,en:hungary,hu,1,Yes,Categorize existing one,9100000900094,To do,
en:filled-croissants,United Kingdom,en:united-kingdom,uk,1,Yes,Categorize existing one,5000169304136,To do,
en:chocolate-croissant,United Kingdom,en:united-kingdom,uk,1,Yes,Categorize existing one,5057545890691,To do,
en:sweet-pastries-and-pies,Hungary,en:hungary,hu,1,Yes,Categorize existing one,7622202251597,To do,
en:viennoiseries,Hungary,en:hungary,hu,1,Yes,Categorize existing one,7622202251597,To do,
en:croissants,Hungary,en:hungary,hu,1,Yes,Categorize existing one,7622202251597,To do,
en:brioches,United Kingdom,en:united-kingdom,uk,1,Yes,Categorize existing one,5027952012986,To do,
en:Gâches,Hungary,en:hungary,hu,0,Yes,Categorize existing one,,To do,
en:chocolate-croissant,Hungary,en:hungary,hu,1,Yes,Categorize existing one,,To do,
en:chocolate-croissant-prepacked,Hungary,en:hungary,hu,1,Yes,Categorize existing one,,To do,
en:vienna-bread,Hungary,en:hungary,hu,1,Yes,Categorize existing one,,To do,
en:fresh-sweet-pastries-and-pies,Hungary,en:hungary,hu,1,Yes,Categorize existing one,,To do,
en:Gâches,United Kingdom,en:united-kingdom,uk,0,Yes,Categorize existing one,,To do,
en:chocolate-croissant-prepacked,United Kingdom,en:united-kingdom,uk,1,Yes,Categorize existing one,,To do,
en:fresh-sweet-pastries-and-pies,United Kingdom,en:united-kingdom,uk,1,Yes,Categorize existing one,,To do,
en:pancake-mixes,Germany,en:germany,de,1,Yes,Categorize existing one,4002676650042,To do,
en:durum-wheat-pasta,Greece,en:greece,el,1,Yes,Categorize existing one,8076800376999,To do,
en:durum-wheat-pasta,France,en:france,fr,1,Yes,Categorize existing one,8076809529433,To do,
en:durum-wheat-pasta,Germany,en:germany,de,1,Yes,Categorize existing one,8076800195057,To do,
en:durum-wheat-pasta,Spain,en:spain,es,1,Yes,Categorize existing one,8402001010194,To do,
en:durum-wheat-pasta,Italy,en:italy,it,1,Yes,Categorize existing one,8004690611517,To do,
en:dry-egg-pastas,Croatia,en:croatia,hr,1,Yes,Categorize existing one,8076800376999,To do,
en:dry-egg-pastas,Montenegro,en:montenegro,me,1,Yes,Categorize existing one,8076800376999,To do,
en:dry-egg-pastas,Serbia,en:serbia,rs,1,Yes,Categorize existing one,8076800376999,To do,
en:dry-egg-pastas,Slovenia,en:slovenia,sv,1,Yes,Categorize existing one,3859892291235,To do,
en:dry-egg-pastas,Switzerland,en:switzerland,ch,1,Yes,Categorize existing one,7610849861200,To do,
en:dry-egg-pastas,Hungary,en:hungary,hu,1,Yes,Categorize existing one,5997132506607,To do,
en:dry-egg-pastas,Poland,en:poland,pl,1,Yes,Categorize existing one,5908310960210,To do,
en:dry-pastas,Portugal,en:portugal,pt,1,Yes,Categorize existing one,8410693800597,To do,
en:dry-pastas,Cyprus,en:cyprus,cy,1,Yes,Categorize existing one,5201193113019,To do,
en:dry-pastas,Slovenia,en:slovenia,sv,1,Yes,Categorize existing one,3859892291235,To do,
en:dry-pastas,Luxembourg,en:luxembourg,lu,1,Yes,Categorize existing one,8076802085981,To do,
en:dry-pastas,Malta,en:malta,mt,1,Yes,Categorize existing one,8076808150072,To do,
en:dry-pastas,Serbia,en:serbia,rs,1,Yes,Categorize existing one,8076802085738,To do,
en:dry-pastas,Sweden,en:sweden,sv,1,Yes,Categorize existing one,8076809523738,To do,
en:dry-pastas,Czech Republic,en:czech-republic,cs,1,Yes,Categorize existing one,20063757,To do,
en:dry-pastas,Estonia,en:estonia,ee,1,Yes,Categorize existing one,20063757,To do,
en:dry-pastas,Slovakia,en:slovakia,sk,1,Yes,Categorize existing one,20063757,To do,
en:dry-pastas,Belgium,en:belgium,be,1,Yes,Categorize existing one,5410028050126,To do,
en:dry-pastas,Romania,en:romania,ro,1,Yes,Categorize existing one,8076800195057,To do,
en:brioches,Lithuania,en:lithuania,lt,1,Yes,Categorize existing one,4770163837695,To do,
en:brioches,Latvia,en:latvia,lv,1,Yes,Categorize existing one,,To do,
en:Gâches,Latvia,en:latvia,lv,0,Yes,Categorize existing one,,To do,
en:Gâches,Lithuania,en:lithuania,lt,0,Yes,Categorize existing one,,To do,
en:fresh-egg-pasta,Germany,en:germany,de,1,Yes,Categorize existing one,8001665706742,To do,
en:fresh-egg-pasta,Poland,en:poland,pl,1,Yes,Categorize existing one,,To do,
en:cellophane-noodles,Romania,en:romania,ro,1,Yes,Categorize existing one,9120012040137,To do,
en:gnocchi,Poland,en:poland,pl,1,Yes,Categorize existing one,4335619243156,To do,
en:raw-puff-pastry,Ireland,en:ireland,ie,1,Yes,Categorize existing one,,To do,
en:pastas,Austria,en:austria,at,1,Yes,Categorize existing one,8801073116467,To do,
en:pastas,Norway,en:norway,no,1,Yes,Categorize existing one,8076800105056,To do,
en:cereal-pastas,Denmark,en:denmark,dk,1,Yes,Categorize existing one,5705830010452,To do,
en:cereal-pastas,Finland,en:finland,fi,1,Yes,Categorize existing one,6417700050725,To do,
en:cereal-pastas,United Kingdom,en:united-kingdom,uk,1,Yes,Categorize existing one,5000119319906,To do,
en:cereal-pastas,Ireland,en:ireland,ie,1,Yes,Categorize existing one,4088600103808,To do,
en:cereal-pastas,Netherlands,en:netherlands,nl,1,Yes,Categorize existing one,8718906117778,To do,
en:phyllo-dough,Serbia,en:serbia,rs,1,Yes,Categorize existing one,8600197111217,To do,
en:phyllo-dough,Croatia,en:croatia,hr,1,Yes,Categorize existing one,,To do,
en:phyllo-dough,Greece,en:greece,el,1,Yes,Categorize existing one,,To do,
en:phyllo-dough,Montenegro,en:montenegro,me,1,Yes,Categorize existing one,,To do,
en:shortcrust-pastry,France,en:france,fr,1,Yes,Categorize existing one,3154230600121,To do,
en:puff-pastry-sheets,United Kingdom,en:united-kingdom,uk,1,Yes,Categorize existing one,5010084103677,To do,
en:unleavened-breads,Switzerland,en:switzerland,ch,1,Yes,Categorize existing one,3226980002101,To do,
en:unleavened-breads,Cyprus,en:cyprus,cy,1,Yes,Categorize existing one,,To do,
en:unleavened-breads,Malta,en:malta,mt,1,Yes,Categorize existing one,,To do,
en:canned-legumes,Austria,en:austria,at,1,Yes,Categorize existing one,9010437030717,To do,
en:canned-chickpeas,Austria,en:austria,at,1,Yes,Categorize existing one,3083681003949,To do,
en:canned-common-beans,Luxembourg,en:luxembourg,lu,1,Yes,Categorize existing one,3760324840474,To do,
en:canned-common-beans,France,en:france,fr,1,Yes,Categorize existing one,3083681001808,To do,
en:canned-common-beans,Belgium,en:belgium,be,1,Yes,Categorize existing one,3083681012606,To do,
en:canned-common-beans,Sweden,en:sweden,sv,1,Yes,Categorize existing one,5000157024671,To do,
en:canned-common-beans,United Kingdom,en:united-kingdom,uk,1,Yes,Categorize existing one,5000157024671,To do,
en:canned-common-beans,Austria,en:austria,at,1,Yes,Categorize existing one,20166090,To do,
en:canned-common-beans,Poland,en:poland,pl,1,Yes,Categorize existing one,4056489666028,To do,
en:canned-green-beans,Poland,en:poland,pl,1,Yes,Categorize existing one,3083680072694,To do,
en:cooked-french-beans,Poland,en:poland,pl,1,Yes,Categorize existing one,,To do,
en:cooked-haricot-beans,Poland,en:poland,pl,1,Yes,Categorize existing one,,To do,
en:cooked-french-beans,Poland,en:poland,pl,1,Yes,Categorize existing one,,To do,
en:canned-peas,Latvia,en:latvia,lv,1,Yes,Categorize existing one,3083680047364,To do,
en:canned-peas,Lithuania,en:lithuania,lt,1,Yes,Categorize existing one,3083680047364,To do,
en:canned-peas,Romania,en:romania,ro,1,Yes,Categorize existing one,3083680004275,To do,
en:canned-peas,Germany,en:germany,de,1,Yes,Categorize existing one,4065002000454,To do,
en:canned-common-beans,Romania,en:romania,ro,1,Yes,Categorize existing one,3083680009508,To do,
en:canned-broad-beans,Romania,en:romania,ro,1,Yes,Categorize existing one,3083681003925,To do,
en:canned-flat-green-beans,Romania,en:romania,ro,1,Yes,Categorize existing one,,To do,
en:peanut-butters,Netherlands,en:netherlands,nl,1,Yes,Categorize existing one,9711907855853,To do,
en:peanuts,France,en:france,fr,1,Yes,Categorize existing one,20615420,To do,
en:tahini,Greece,en:greece,el,1,Yes,Categorize existing one,5201182023008,To do,
en:peppers,Switzerland,en:switzerland,ch,1,Maybe,Categorize existing one,7613269290865,To do,
en:peppers,Latvia,en:latvia,lv,1,Maybe,Categorize existing one,7311311005442,To do,
en:peppers,France,en:france,fr,1,Maybe,Categorize existing one,3166296550432,To do,
en:peppers,Slovenia,en:slovenia,sv,1,Maybe,Categorize existing one,3831029509017,To do,
en:peppers,United Kingdom,en:united-kingdom,uk,1,Maybe,Categorize existing one,5000462107601,To do,
en:peppers,Portugal,en:portugal,pt,1,Maybe,Categorize existing one,5607047006962,To do,
en:peppers,Austria,en:austria,at,1,Maybe,Categorize existing one,9100000747866,To do,
en:peppers,Ireland,en:ireland,ie,1,Maybe,Categorize existing one,5099874251910,To do,
en:peppers,Lithuania,en:lithuania,lt,1,Maybe,Categorize existing one,,To do,
en:peppers,Montenegro,en:montenegro,me,1,Maybe,Categorize existing one,,To do,
en:peppers,Serbia,en:serbia,rs,1,Maybe,Categorize existing one,,To do,
en:herbs,France,en:france,fr,1,Yes,Categorize existing one,3038354199603,To do,
en:herbs-and-spices,France,en:france,fr,1,Yes,Categorize existing one,3038354199603,To do,
en:dried-provence-herbs,France,en:france,fr,1,Yes,Categorize existing one,4056489167952,To do,
en:herbes-de-provence,France,en:france,fr,1,Yes,Categorize existing one,3166290400610,To do,
en:mixed-herbs,France,en:france,fr,1,Yes,Categorize existing one,3417960022732,To do,
en:Thym de Provence,France,en:france,fr,0,Yes,Categorize existing one,,To do,
en:spices,Czech Republic,en:czech-republic,cs,1,Maybe,Categorize existing one,90426520,To do,
en:spices,Slovakia,en:slovakia,sk,1,Maybe,Categorize existing one,5900862215718,To do,
en:spices,France,en:france,fr,1,Maybe,Categorize existing one,3179140213964,To do,
en:pork-liver-pates,Czech Republic,en:czech-republic,cs,1,Yes,Categorize existing one,,To do,
en:pork-liver-pates,Denmark,en:denmark,dk,1,Yes,Categorize existing one,,To do,
en:pork-liver-pates,Slovakia,en:slovakia,sk,1,Yes,Categorize existing one,,To do,
en:pork-liver-pates,Slovenia,en:slovenia,sv,1,Yes,Categorize existing one,,To do,
en:bacon,Croatia,en:croatia,hr,1,Maybe,Categorize existing one,4063367013003,To do,
en:bacon,Netherlands,en:netherlands,nl,1,Maybe,Categorize existing one,20402204,To do,
en:bacon,Belgium,en:belgium,be,1,Maybe,Categorize existing one,5400112526453,To do,
en:bacon,Austria,en:austria,at,1,Maybe,Categorize existing one,9003740097058,To do,
en:bacon,Luxembourg,en:luxembourg,lu,1,Maybe,Categorize existing one,5400101083554,To do,
en:bacon,United Kingdom,en:united-kingdom,uk,1,Maybe,Categorize existing one,5060055251234,To do,
en:bacon,Estonia,en:estonia,ee,1,Maybe,Categorize existing one,4740003010892,To do,
en:bacon,Ireland,en:ireland,ie,1,Maybe,Categorize existing one,4088600206844,To do,
en:bacon,Serbia,en:serbia,rs,1,Maybe,Categorize existing one,8600416145610,To do,
en:bacon,Finland,en:finland,fi,1,Maybe,Categorize existing one,6409100046286,To do,
en:bacon,Romania,en:romania,ro,1,Maybe,Categorize existing one,4056489294153,To do,
en:bacon,Bulgaria,en:bulgaria,bg,1,Maybe,Categorize existing one,20683900,To do,
en:bacon,Greece,en:greece,el,1,Maybe,Categorize existing one,,To do,
en:bacon,Montenegro,en:montenegro,me,1,Maybe,Categorize existing one,,To do,
en:cooked-red-meat,Austria,en:austria,at,1,Maybe,Categorize existing one,,To do,
en:pork-and-its-products,Latvia,en:latvia,lv,1,Maybe,Categorize existing one,4751031250129,To do,
en:pork-and-its-products,Slovakia,en:slovakia,sk,1,Maybe,Categorize existing one,8594001694150,To do,
en:pork-and-its-products,Slovenia,en:slovenia,sv,1,Maybe,Categorize existing one,4056489449713,To do,
en:pork-and-its-products,Denmark,en:denmark,dk,1,Maybe,Categorize existing one,5707196242485,To do,
en:pork-and-its-products,Lithuania,en:lithuania,lt,1,Maybe,Categorize existing one,20360863,To do,
en:pork-and-its-products,Czech Republic,en:czech-republic,cs,1,Maybe,Categorize existing one,8594013392921,To do,
en:white-hams,Finland,en:finland,fi,1,Yes,Categorize existing one,4056489598954,To do,
en:white-hams,Spain,en:spain,es,1,Yes,Categorize existing one,8480000592569,To do,
en:white-hams,Poland,en:poland,pl,1,Yes,Categorize existing one,5900567015613,To do,
en:white-hams,Denmark,en:denmark,dk,1,Yes,Categorize existing one,4335718159624,To do,
en:white-hams,Italy,en:italy,it,1,Yes,Categorize existing one,8007141516836,To do,
en:white-hams,Netherlands,en:netherlands,nl,1,Yes,Categorize existing one,8718907716765,To do,
en:white-hams,Serbia,en:serbia,rs,1,Yes,Categorize existing one,3302740047312,To do,
en:white-hams,Hungary,en:hungary,hu,1,Yes,Categorize existing one,4056489197393,To do,
en:white-hams,France,en:france,fr,1,Yes,Categorize existing one,3154230809869,To do,
en:white-hams,Portugal,en:portugal,pt,1,Yes,Categorize existing one,8480000561152,To do,
en:white-hams,Czech Republic,en:czech-republic,cs,1,Yes,Categorize existing one,8594013392921,To do,
en:white-hams,Ireland,en:ireland,ie,1,Yes,Categorize existing one,5391512929824,To do,
en:white-hams,Estonia,en:estonia,ee,1,Yes,Categorize existing one,,To do,
en:white-hams,Greece,en:greece,el,1,Yes,Categorize existing one,,To do,
en:white-hams,Latvia,en:latvia,lv,1,Yes,Categorize existing one,,To do,
en:white-hams,Lithuania,en:lithuania,lt,1,Yes,Categorize existing one,,To do,
en:white-hams,Montenegro,en:montenegro,me,1,Yes,Categorize existing one,,To do,
en:white-hams,Slovakia,en:slovakia,sk,1,Yes,Categorize existing one,,To do,
en:turkeys,Greece,en:greece,el,1,Yes,Categorize existing one,5201310000659,To do,
en:turkeys,Finland,en:finland,fi,1,Yes,Categorize existing one,6407810017947,To do,
en:corned-beef,Denmark,en:denmark,dk,1,Yes,Categorize existing one,,To do,
en:turkey-salami,Cyprus,en:cyprus,cy,1,Yes,Categorize existing one,,To do,
en:turkey-salami,Malta,en:malta,mt,1,Yes,Categorize existing one,,To do,
en:cured-hams,Latvia,en:latvia,lv,1,Yes,Categorize existing one,8428204007434,To do,
en:cured-hams,Norway,en:norway,no,1,Yes,Categorize existing one,7058040459701,To do,
en:cured-hams,Sweden,en:sweden,sv,1,Yes,Categorize existing one,7350027793724,To do,
en:cured-hams,Cyprus,en:cyprus,cy,1,Yes,Categorize existing one,,To do,
en:cured-hams,Lithuania,en:lithuania,lt,1,Yes,Categorize existing one,,To do,
en:cured-hams,Malta,en:malta,mt,1,Yes,Categorize existing one,,To do,
en:cured-hams,Slovenia,en:slovenia,sv,1,Yes,Categorize existing one,,To do,
en:poultries,Estonia,en:estonia,ee,1,Yes,Categorize existing one,4740618007508,To do,
en:hams,Sweden,en:sweden,sv,1,Yes,Categorize existing one,7300156582225,To do,
en:hams,Spain,en:spain,es,1,Yes,Categorize existing one,8480000592569,To do,
en:hams,Poland,en:poland,pl,1,Yes,Categorize existing one,5900567015613,To do,
en:hams,Croatia,en:croatia,hr,1,Yes,Categorize existing one,20493271,To do,
en:hams,Switzerland,en:switzerland,ch,1,Yes,Categorize existing one,7623186105944,To do,
en:hams,Germany,en:germany,de,1,Yes,Categorize existing one,4061458015271,To do,
en:hams,Italy,en:italy,it,1,Yes,Categorize existing one,8007141516836,To do,
en:hams,United Kingdom,en:united-kingdom,uk,1,Yes,Categorize existing one,5060055251852,To do,
en:hams,Latvia,en:latvia,lv,1,Yes,Categorize existing one,8428204007434,To do,
en:hams,Belgium,en:belgium,be,1,Yes,Categorize existing one,3154230808992,To do,
en:hams,Lithuania,en:lithuania,lt,1,Yes,Categorize existing one,20377960,To do,
en:hams,Montenegro,en:montenegro,me,1,Yes,Categorize existing one,3850139250671,To do,
en:hams,Serbia,en:serbia,rs,1,Yes,Categorize existing one,7613036855662,To do,
en:hams,Luxembourg,en:luxembourg,lu,1,Yes,Categorize existing one,5400141994407,To do,
en:hams,Finland,en:finland,fi,1,Yes,Categorize existing one,6409100043230,To do,
en:hams,Slovenia,en:slovenia,sv,1,Yes,Categorize existing one,4061459325003,To do,
en:hams,Romania,en:romania,ro,1,Yes,Categorize existing one,4056489114710,To do,
en:hams,Denmark,en:denmark,dk,1,Yes,Categorize existing one,5704080960135,To do,
en:hams,France,en:france,fr,1,Yes,Categorize existing one,3154230809869,To do,
en:hams,Portugal,en:portugal,pt,1,Yes,Categorize existing one,8480000561152,To do,
en:hams,Cyprus,en:cyprus,cy,1,Yes,Categorize existing one,5707196013603,To do,
en:hams,Ireland,en:ireland,ie,1,Yes,Categorize existing one,5391512929824,To do,
en:hams,Malta,en:malta,mt,1,Yes,Categorize existing one,,To do,
en:cured-hams,Austria,en:austria,at,1,Maybe,Categorize existing one,4099200190815,To do,
en:cured-sausages,Austria,en:austria,at,1,Maybe,Categorize existing one,4099498000063,To do,
en:salt-cured-pork-belly,Austria,en:austria,at,1,Maybe,Categorize existing one,,To do,
en:cured-pork-loin,Austria,en:austria,at,1,Maybe,Categorize existing one,,To do,
en:black-pudding,Poland,en:poland,pl,1,Yes,Categorize existing one,5903111926588,To do,
en:Boudins,Poland,en:poland,pl,0,Yes,Categorize existing one,,To do,
en:black-pudding,Ireland,en:ireland,ie,1,Yes,Categorize existing one,5099490000404,To do,
en:Boudins,Denmark,en:denmark,dk,0,Yes,Categorize existing one,,To do,
en:black-pudding,Denmark,en:denmark,dk,1,Yes,Categorize existing one,,To do,
en:Boudins,Ireland,en:ireland,ie,0,Yes,Categorize existing one,,To do,
en:Mortadella Bologna,Croatia,en:croatia,hr,0,Yes,Categorize existing one,,To do,
en:Mortadella Bologna,Hungary,en:hungary,hu,0,Yes,Categorize existing one,,To do,
en:Mortadella Bologna,Slovenia,en:slovenia,sv,0,Yes,Categorize existing one,,To do,
en:pork-sausages,United Kingdom,en:united-kingdom,uk,1,Yes,Categorize existing one,5060317350033,To do,
en:pork-sausages,Ireland,en:ireland,ie,1,Yes,Categorize existing one,5391524663174,To do,
en:chipolatas,France,en:france,fr,1,Yes,Categorize existing one,3245415348812,To do,
en:chipolatas,Belgium,en:belgium,be,1,Yes,Categorize existing one,5414880002590,To do,
en:chipolatas,Luxembourg,en:luxembourg,lu,1,Yes,Categorize existing one,,To do,
en:chorizo,Portugal,en:portugal,pt,1,Yes,Categorize existing one,8480000591999,To do,
en:chorizo,Spain,en:spain,es,1,Yes,Categorize existing one,8480000606990,To do,
en:salami,Slovakia,en:slovakia,sk,1,Yes,Categorize existing one,4388840214273,To do,
en:salami,Switzerland,en:switzerland,ch,1,Yes,Categorize existing one,7610200371706,To do,
en:salami,Czech Republic,en:czech-republic,cs,1,Yes,Categorize existing one,4056489065364,To do,
en:sausages,Finland,en:finland,fi,1,Yes,Categorize existing one,6409100043230,To do,
en:dry-sausages,Cyprus,en:cyprus,cy,1,Yes,Categorize existing one,,To do,
en:dry-sausages,Latvia,en:latvia,lv,1,Yes,Categorize existing one,,To do,
en:dry-sausages,Lithuania,en:lithuania,lt,1,Yes,Categorize existing one,,To do,
en:dry-sausages,Malta,en:malta,mt,1,Yes,Categorize existing one,,To do,
en:cured-sausages,Sweden,en:sweden,sv,1,Yes,Categorize existing one,7340083404610,To do,
en:frankfurter-sausages,Slovenia,en:slovenia,sv,1,Yes,Categorize existing one,3831006615335,To do,
en:frankfurter-sausages,Czech Republic,en:czech-republic,cs,1,Yes,Categorize existing one,,To do,
en:frankfurter-sausages,Latvia,en:latvia,lv,1,Yes,Categorize existing one,,To do,
en:frankfurter-sausages,Lithuania,en:lithuania,lt,1,Yes,Categorize existing one,,To do,
en:frankfurter-sausages,Slovakia,en:slovakia,sk,1,Yes,Categorize existing one,,To do,
en:frankfurter-sausages,Estonia,en:estonia,ee,1,Yes,Categorize existing one,,To do,
en:frankfurter-sausages,Sweden,en:sweden,sv,1,Yes,Categorize existing one,,To do,
en:sausages,Netherlands,en:netherlands,nl,1,Yes,Categorize existing one,8720182686794,To do,
en:german-meat-products,Netherlands,en:netherlands,nl,1,Yes,Categorize existing one,,To do,
en:Bratwurst,Netherlands,en:netherlands,nl,0,Yes,Categorize existing one,,To do,
en:sausage-meat,Romania,en:romania,ro,1,Yes,Categorize existing one,,To do,
en:Merguez,France,en:france,fr,0,Yes,Categorize existing one,,To do,
en:Greußener Salami,Germany,en:germany,de,0,Yes,Categorize existing one,,To do,
en:head-cheese,Czech Republic,en:czech-republic,cs,1,Yes,Categorize existing one,,To do,
en:head-cheese,Slovakia,en:slovakia,sk,1,Yes,Categorize existing one,,To do,
en:Budapesti téliszalámi,Hungary,en:hungary,hu,0,Yes,Categorize existing one,,To do,
en:Budapesti téliszalámi,Montenegro,en:montenegro,me,0,Yes,Categorize existing one,,To do,
en:Budapesti téliszalámi,Serbia,en:serbia,rs,0,Yes,Categorize existing one,,To do,
en:sausages,Italy,en:italy,it,1,Yes,Categorize existing one,8008110002015,To do,
xx:liverwurst,Germany,en:germany,de,1,Yes,Categorize existing one,4000405002063,To do,
xx:liverwurst,Denmark,en:denmark,dk,1,Yes,Categorize existing one,,To do,
en:sausages,Denmark,en:denmark,dk,1,Yes,Categorize existing one,5705830601636,To do,
en:mortadella,Denmark,en:denmark,dk,1,Yes,Categorize existing one,,To do,
en:mortadella,Greece,en:greece,el,1,Yes,Categorize existing one,,To do,
en:mortadella,Latvia,en:latvia,lv,1,Yes,Categorize existing one,,To do,
en:mortadella,Lithuania,en:lithuania,lt,1,Yes,Categorize existing one,,To do,
en:sausages,Poland,en:poland,pl,1,Yes,Categorize existing one,5906712808277,To do,
en:sausages,Czech Republic,en:czech-republic,cs,1,Yes,Categorize existing one,8594036020924,To do,
en:sausages,Slovakia,en:slovakia,sk,1,Yes,Categorize existing one,8588007466217,To do,
en:Csabai kolbász,Croatia,en:croatia,hr,0,Yes,Categorize existing one,,To do,
en:Csabai kolbász,Hungary,en:hungary,hu,0,Yes,Categorize existing one,,To do,
en:salami,Luxembourg,en:luxembourg,lu,1,Yes,Categorize existing one,5400112510803,To do,
en:salami,Bulgaria,en:bulgaria,bg,1,Yes,Categorize existing one,20947002,To do,
en:salami,Austria,en:austria,at,1,Yes,Categorize existing one,4099498000063,To do,
en:salami,Germany,en:germany,de,1,Yes,Categorize existing one,4099498000063,To do,
en:salami,Finland,en:finland,fi,1,Yes,Categorize existing one,6409100042042,To do,
en:salami,France,en:france,fr,1,Yes,Categorize existing one,8028257013347,To do,
en:salami,Denmark,en:denmark,dk,1,Yes,Categorize existing one,5907547723575,To do,
en:salami,Belgium,en:belgium,be,1,Yes,Categorize existing one,3449851328005,To do,
en:salami,Romania,en:romania,ro,1,Yes,Categorize existing one,5941265000419,To do,
en:sausages,Bulgaria,en:bulgaria,bg,1,Yes,Categorize existing one,20947002,To do,
en:sausages,Spain,en:spain,es,1,Yes,Categorize existing one,8480000551085,To do,
en:sausages,Denmark,en:denmark,dk,1,Yes,Categorize existing one,5705830601636,To do,
en:sausages,Estonia,en:estonia,ee,1,Yes,Categorize existing one,4740296010777,To do,
en:sausages,Netherlands,en:netherlands,nl,1,Yes,Categorize existing one,8720182686794,To do,
en:sausages,Netherlands,en:netherlands,nl,1,Yes,Categorize existing one,8720182686794,To do,
en:sausages,Germany,en:germany,de,1,Yes,Categorize existing one,4000582370597,To do,
en:sausages,Germany,en:germany,de,1,Yes,Categorize existing one,4000582370597,To do,
en:sausages,Czech Republic,en:czech-republic,cs,1,Yes,Categorize existing one,8594036020924,To do,
en:sausages,Czech Republic,en:czech-republic,cs,1,Yes,Categorize existing one,8594036020924,To do,
en:sausages,Estonia,en:estonia,ee,1,Yes,Categorize existing one,4740296010777,To do,
en:sausages,Estonia,en:estonia,ee,1,Yes,Categorize existing one,4740296010777,To do,
en:sausages,Slovakia,en:slovakia,sk,1,Yes,Categorize existing one,8588007466217,To do,
en:sausages,Slovakia,en:slovakia,sk,1,Yes,Categorize existing one,8588007466217,To do,
en:frankfurter-sausages,Poland,en:poland,pl,1,Yes,Categorize existing one,5908230511141,To do,
en:frankfurter-sausages,Hungary,en:hungary,hu,1,Yes,Categorize existing one,5998002016783,To do,
en:frankfurter-sausages,Denmark,en:denmark,dk,1,Yes,Categorize existing one,,To do,
en:cheeses,Austria,en:austria,at,1,Maybe,Categorize existing one,7622300318109,To do,
en:cheeses,Germany,en:germany,de,1,Maybe,Categorize existing one,7622300315733,To do,
en:cheeses,Switzerland,en:switzerland,ch,1,Maybe,Categorize existing one,4000339035229,To do,
en:cheeses,Greece,en:greece,el,1,Maybe,Categorize existing one,5206546002286,To do,
en:cheesecakes,Poland,en:poland,pl,1,Yes,Categorize existing one,5905398585410,To do,
en:lithuanian-curd-cheese,Latvia,en:latvia,lv,1,Maybe,Categorize existing one,4750109018692,To do,
en:lithuanian-curd-cheese,Lithuania,en:lithuania,lt,1,Maybe,Categorize existing one,2141520002353,To do,
en:lithuanian-curd-cheese,Hungary,en:hungary,hu,1,Maybe,Categorize existing one,,To do,
en:lithuanian-curd-cheese,Poland,en:poland,pl,1,Maybe,Categorize existing one,,To do,
en:bries,Denmark,en:denmark,dk,1,Maybe,Categorize existing one,3228021950051,To do,
es:rulo-de-cabra,France,en:france,fr,1,Maybe,Categorize existing one,3523230028431,To do,
en:Caciocavallo Silano,Romania,en:romania,ro,0,Maybe,Categorize existing one,,To do,
en:camemberts,France,en:france,fr,1,Maybe,Categorize existing one,3228021170039,To do,
en:cheddar-cheese,United Kingdom,en:united-kingdom,uk,1,Maybe,Categorize existing one,5000295142893,To do,
en:cheddar-cheese,Ireland,en:ireland,ie,1,Maybe,Categorize existing one,20515690,To do,
en:comte,France,en:france,fr,1,Maybe,Categorize existing one,3123930650026,To do,
en:havarti,Denmark,en:denmark,dk,1,Maybe,Categorize existing one,5711953048739,To do,
en:Данбо,Denmark,en:denmark,dk,0,Maybe,Categorize existing one,,To do,
en:edam,Finland,en:finland,fi,1,Maybe,Categorize existing one,4056489203339,To do,
en:edam,Czech Republic,en:czech-republic,cs,1,Maybe,Categorize existing one,8593803326252,To do,
en:edam,Slovakia,en:slovakia,sk,1,Maybe,Categorize existing one,8586000049925,To do,
en:edam,Croatia,en:croatia,hr,1,Maybe,Categorize existing one,,To do,
en:edam,Cyprus,en:cyprus,cy,1,Maybe,Categorize existing one,,To do,
en:edam,Malta,en:malta,mt,1,Maybe,Categorize existing one,,To do,
en:edam,Montenegro,en:montenegro,me,1,Maybe,Categorize existing one,,To do,
en:edam,Slovenia,en:slovenia,sv,1,Maybe,Categorize existing one,,To do,
en:emmentaler,Austria,en:austria,at,1,Maybe,Categorize existing one,4056489123767,To do,
en:emmentaler,Belgium,en:belgium,be,1,Maybe,Categorize existing one,3123930711758,To do,
en:emmentaler,Finland,en:finland,fi,1,Maybe,Categorize existing one,6408430341894,To do,
en:emmentaler,France,en:france,fr,1,Maybe,Categorize existing one,3228021170046,To do,
en:emmentaler,Germany,en:germany,de,1,Maybe,Categorize existing one,4061458046367,To do,
en:emmentaler,Luxembourg,en:luxembourg,lu,1,Maybe,Categorize existing one,5400141440522,To do,
en:emmentaler,Montenegro,en:montenegro,me,1,Maybe,Categorize existing one,,To do,
en:emmentaler,Serbia,en:serbia,rs,1,Maybe,Categorize existing one,,To do,
en:feta,Denmark,en:denmark,dk,1,Maybe,Categorize existing one,5705830614940,To do,
en:feta,Cyprus,en:cyprus,cy,1,Maybe,Categorize existing one,5201168215649,To do,
en:feta,Greece,en:greece,el,1,Maybe,Categorize existing one,2681922031402,To do,
en:feta,Malta,en:malta,mt,1,Maybe,Categorize existing one,,To do,
en:feta,Montenegro,en:montenegro,me,1,Maybe,Categorize existing one,,To do,
en:feta,Serbia,en:serbia,rs,1,Maybe,Categorize existing one,,To do,
en:cheeses,Malta,en:malta,mt,1,Maybe,Categorize existing one,20428747,To do,
en:goat-cheeses,Malta,en:malta,mt,1,Maybe,Categorize existing one,,To do,
en:brunost,Norway,en:norway,no,1,Maybe,Categorize existing one,7034280003034,To do,
en:gouda,Hungary,en:hungary,hu,1,Maybe,Categorize existing one,4061464307759,To do,
en:gouda,Poland,en:poland,pl,1,Maybe,Categorize existing one,5900820005504,To do,
en:gouda,Croatia,en:croatia,hr,1,Maybe,Categorize existing one,3856021207242,To do,
en:gouda,Luxembourg,en:luxembourg,lu,1,Maybe,Categorize existing one,5450168564039,To do,
en:gouda,Austria,en:austria,at,1,Maybe,Categorize existing one,9066000285503,To do,
en:gouda,Belgium,en:belgium,be,1,Maybe,Categorize existing one,20047573,To do,
en:gouda,Germany,en:germany,de,1,Maybe,Categorize existing one,4061462314568,To do,
en:gouda,Greece,en:greece,el,1,Maybe,Categorize existing one,4056489091585,To do,
en:grana-padano,Italy,en:italy,it,1,Maybe,Categorize existing one,8004673110112,To do,
en:swiss-gruyeres,France,en:france,fr,1,Maybe,Categorize existing one,3564709043081,To do,
en:swiss-gruyeres,Switzerland,en:switzerland,ch,1,Maybe,Categorize existing one,7617067012841,To do,
en:Κεφαλογραβιέρα,Greece,en:greece,el,0,Maybe,Categorize existing one,,To do,
en:goat-cheeses,Cyprus,en:cyprus,cy,1,Maybe,Categorize existing one,5292530001540,To do,
en:greek-cheeses,Cyprus,en:cyprus,cy,1,Maybe,Categorize existing one,5201168215649,To do,
en:feta,Cyprus,en:cyprus,cy,1,Maybe,Categorize existing one,5201168215649,To do,
en:greek-cheeses,Greece,en:greece,el,1,Maybe,Categorize existing one,2681922031402,To do,
en:feta,Greece,en:greece,el,1,Maybe,Categorize existing one,2681922031402,To do,
en:goat-cheeses,Greece,en:greece,el,1,Maybe,Categorize existing one,5214000042211,To do,
en:alderman,Finland,en:finland,fi,1,Maybe,Categorize existing one,,To do,
en:parmigiano-reggiano,Austria,en:austria,at,1,Maybe,Categorize existing one,9100000939476,To do,
en:parmigiano-reggiano,Denmark,en:denmark,dk,1,Maybe,Categorize existing one,8002710402008,To do,
en:parmigiano-reggiano,France,en:france,fr,1,Maybe,Categorize existing one,3560070157198,To do,
en:parmigiano-reggiano,Italy,en:italy,it,1,Maybe,Categorize existing one,8017596017468,To do,
en:parmigiano-reggiano,Spain,en:spain,es,1,Maybe,Categorize existing one,8008706602285,To do,
en:parmigiano-reggiano,Switzerland,en:switzerland,ch,1,Maybe,Categorize existing one,4056489616429,To do,
en:pecorino-romano,Italy,en:italy,it,1,Maybe,Categorize existing one,8002004066145,To do,
en:cow-raclette,Switzerland,en:switzerland,ch,1,Maybe,Categorize existing one,2121536010856,To do,
en:raclette,Switzerland,en:switzerland,ch,1,Maybe,Categorize existing one,2173388004408,To do,
en:Raclette de Savoie,Switzerland,en:switzerland,ch,0,Maybe,Categorize existing one,,To do,
en:goat-raclette,Switzerland,en:switzerland,ch,1,Maybe,Categorize existing one,,To do,
en:Telemea de Ibăneşti,Romania,en:romania,ro,0,Maybe,Categorize existing one,,To do,
en:trappista,Hungary,en:hungary,hu,1,Maybe,Categorize existing one,5998216703691,To do,
en:tilsit,Finland,en:finland,fi,1,Maybe,Categorize existing one,20050238,To do,
en:cornish-clotted-cream,Montenegro,en:montenegro,me,1,Maybe,Categorize existing one,,To do,
en:cornish-clotted-cream,Serbia,en:serbia,rs,1,Maybe,Categorize existing one,,To do,
en:cottage-cheeses,Romania,en:romania,ro,1,Maybe,Categorize existing one,20051921,To do,
en:cottage-cheeses,Finland,en:finland,fi,1,Maybe,Categorize existing one,6408430043200,To do,
en:cottage-cheeses,Serbia,en:serbia,rs,1,Maybe,Categorize existing one,8606105613583,To do,
en:cottage-cheeses,Croatia,en:croatia,hr,1,Maybe,Categorize existing one,20628130,To do,
en:cottage-cheeses,Denmark,en:denmark,dk,1,Maybe,Categorize existing one,5700426260907,To do,
en:cottage-cheeses,Poland,en:poland,pl,1,Maybe,Categorize existing one,5900531000010,To do,
en:cottage-cheeses,Estonia,en:estonia,ee,1,Maybe,Categorize existing one,,To do,
en:cottage-cheeses,Montenegro,en:montenegro,me,1,Maybe,Categorize existing one,,To do,
en:cream-cheeses,Croatia,en:croatia,hr,1,Maybe,Categorize existing one,3859888858336,To do,
en:cream-cheeses,Austria,en:austria,at,1,Maybe,Categorize existing one,7622300318109,To do,
en:cream-cheeses,Denmark,en:denmark,dk,1,Maybe,Categorize existing one,4000339697908,To do,
en:uncooked-pressed-cheeses,Latvia,en:latvia,lv,1,Maybe,Categorize existing one,8718754274043,To do,
en:uncooked-pressed-cheeses,Sweden,en:sweden,sv,1,Maybe,Categorize existing one,20618339,To do,
en:cheeses,Latvia,en:latvia,lv,1,Maybe,Categorize existing one,4750050526000,To do,
en:cheeses,Lithuania,en:lithuania,lt,1,Maybe,Categorize existing one,4770207042795,To do,
en:cheeses,Sweden,en:sweden,sv,1,Maybe,Categorize existing one,7310865008060,To do,
en:uncooked-pressed-cheeses,Lithuania,en:lithuania,lt,1,Maybe,Categorize existing one,20093341,To do,
en:hard-cheeses,Latvia,en:latvia,lv,1,Maybe,Categorize existing one,20002329,To do,
en:semi-cured-cheese,Latvia,en:latvia,lv,1,Maybe,Categorize existing one,,To do,
en:hard-cheeses,Lithuania,en:lithuania,lt,1,Maybe,Categorize existing one,,To do,
en:semi-cured-cheese,Lithuania,en:lithuania,lt,1,Maybe,Categorize existing one,,To do,
en:hard-cheeses,Sweden,en:sweden,sv,1,Maybe,Categorize existing one,,To do,
en:semi-cured-cheese,Sweden,en:sweden,sv,1,Maybe,Categorize existing one,,To do,
en:ricotta,Serbia,en:serbia,rs,1,Maybe,Categorize existing one,8002710333111,To do,
en:ricotta,Montenegro,en:montenegro,me,1,Maybe,Categorize existing one,,To do,
en:brined-cheeses,Montenegro,en:montenegro,me,1,Maybe,Categorize existing one,,To do,
en:brined-cheeses,Serbia,en:serbia,rs,1,Maybe,Categorize existing one,,To do,
en:firm-cheese-around-27-fat-maasdam-type-cheese,Belgium,en:belgium,be,1,Maybe,Categorize existing one,,To do,
en:firm-cheese-around-27-fat-maasdam-type-cheese,Bulgaria,en:bulgaria,bg,1,Maybe,Categorize existing one,,To do,
en:firm-cheese-around-27-fat-maasdam-type-cheese,Estonia,en:estonia,ee,1,Maybe,Categorize existing one,,To do,
en:firm-cheese-around-27-fat-maasdam-type-cheese,Luxembourg,en:luxembourg,lu,1,Maybe,Categorize existing one,,To do,
en:firm-cheese-around-27-fat-maasdam-type-cheese,Netherlands,en:netherlands,nl,1,Maybe,Categorize existing one,,To do,
en:firm-cheese-around-27-fat-maasdam-type-cheese,Portugal,en:portugal,pt,1,Maybe,Categorize existing one,,To do,
en:cheeses,Norway,en:norway,no,1,Maybe,Categorize existing one,7038010054471,To do,
en:fresh-cheeses,Germany,en:germany,de,1,Maybe,Categorize existing one,7622300315733,To do,
en:fresh-cheeses,Spain,en:spain,es,1,Maybe,Categorize existing one,8480000609632,To do,
en:fresh-cheeses,Norway,en:norway,no,1,Maybe,Categorize existing one,7038010054471,To do,
en:fresh-cheeses,Denmark,en:denmark,dk,1,Maybe,Categorize existing one,20001940,To do,
en:halloumi,Cyprus,en:cyprus,cy,1,Maybe,Categorize existing one,4006494025082,To do,
en:halloumi,Malta,en:malta,mt,1,Maybe,Categorize existing one,,To do,
en:hard-cheeses,Switzerland,en:switzerland,ch,1,Maybe,Categorize existing one,20001223,To do,
en:hard-cheeses,Latvia,en:latvia,lv,1,Maybe,Categorize existing one,20002329,To do,
en:hard-cheeses,Lithuania,en:lithuania,lt,1,Maybe,Categorize existing one,,To do,
en:mozzarella,Sweden,en:sweden,sv,1,Maybe,Categorize existing one,5420024102019,To do,
en:mozzarella,Italy,en:italy,it,1,Maybe,Categorize existing one,8000430135329,To do,
en:mozzarella,Norway,en:norway,no,1,Maybe,Categorize existing one,7035620026416,To do,
en:mozzarella,Romania,en:romania,ro,1,Maybe,Categorize existing one,4056489126874,To do,
en:mozzarella,Luxembourg,en:luxembourg,lu,1,Maybe,Categorize existing one,8000430137019,To do,
en:mozzarella,Switzerland,en:switzerland,ch,1,Maybe,Categorize existing one,8000430133257,To do,
en:mozzarella,Netherlands,en:netherlands,nl,1,Maybe,Categorize existing one,4008432029749,To do,
en:mozzarella,Ireland,en:ireland,ie,1,Maybe,Categorize existing one,5099839623370,To do,
en:mozzarella,Belgium,en:belgium,be,1,Maybe,Categorize existing one,8000430133035,To do,
en:mozzarella,Portugal,en:portugal,pt,1,Maybe,Categorize existing one,8480000511102,To do,
en:mozzarella,United Kingdom,en:united-kingdom,uk,1,Maybe,Categorize existing one,8000430133035,To do,
en:mozzarella,France,en:france,fr,1,Maybe,Categorize existing one,8000430138719,To do,
en:mozzarella,Austria,en:austria,at,1,Maybe,Categorize existing one,4056489124467,To do,
en:mozzarella,Montenegro,en:montenegro,me,1,Maybe,Categorize existing one,,To do,
en:mozzarella,Serbia,en:serbia,rs,1,Maybe,Categorize existing one,,To do,
en:cheese-spreads,Denmark,en:denmark,dk,1,Maybe,Categorize existing one,4000339697908,To do,
en:processed-cheese-around-20-fat-in-wedges,France,en:france,fr,1,Maybe,Categorize existing one,4056489278689,To do,
en:processed-cheese-in-slices,Ireland,en:ireland,ie,1,Maybe,Categorize existing one,4056489091585,To do,
en:processed-cheese-in-slices,Spain,en:spain,es,1,Maybe,Categorize existing one,4056489091585,To do,
en:processed-cheeses,Finland,en:finland,fi,1,Maybe,Categorize existing one,6410405312891,To do,
en:processed-cheeses,Belgium,en:belgium,be,1,Maybe,Categorize existing one,3073781135879,To do,
en:processed-cheeses,Hungary,en:hungary,hu,1,Maybe,Categorize existing one,3073780839631,To do,
en:processed-cheeses,Luxembourg,en:luxembourg,lu,1,Maybe,Categorize existing one,5450168562370,To do,
en:processed-cheeses,Ireland,en:ireland,ie,1,Maybe,Categorize existing one,4056489091585,To do,
en:processed-cheeses,Czech Republic,en:czech-republic,cs,1,Maybe,Categorize existing one,8595121827787,To do,
en:processed-cheeses,Estonia,en:estonia,ee,1,Maybe,Categorize existing one,,To do,
en:processed-cheeses,Slovakia,en:slovakia,sk,1,Maybe,Categorize existing one,,To do,
en:processed-cheeses,Slovenia,en:slovenia,sv,1,Maybe,Categorize existing one,,To do,
en:quarks,Luxembourg,en:luxembourg,lu,1,Maybe,Categorize existing one,5450168561144,To do,
en:quarks,Slovenia,en:slovenia,sv,1,Maybe,Categorize existing one,12669899,To do,
en:quarks,Austria,en:austria,at,1,Maybe,Categorize existing one,4099200029139,To do,
en:quarks,France,en:france,fr,1,Maybe,Categorize existing one,3661344382930,To do,
en:quarks,Netherlands,en:netherlands,nl,1,Maybe,Categorize existing one,4056489564768,To do,
en:quarks,Germany,en:germany,de,1,Maybe,Categorize existing one,40466002,To do,
en:quarks,Estonia,en:estonia,ee,1,Maybe,Categorize existing one,4740636977616,To do,
en:quarks,Sweden,en:sweden,sv,1,Maybe,Categorize existing one,4016241050526,To do,
en:quarks,United Kingdom,en:united-kingdom,uk,1,Maybe,Categorize existing one,3023290018354,To do,
en:quarks,Belgium,en:belgium,be,1,Maybe,Categorize existing one,5400141571745,To do,
en:quarks,Finland,en:finland,fi,1,Maybe,Categorize existing one,6408430042081,To do,
en:quarks,Slovakia,en:slovakia,sk,1,Maybe,Categorize existing one,20105754,To do,
en:quarks,Czech Republic,en:czech-republic,cs,1,Maybe,Categorize existing one,8593807886578,To do,
en:quarks,Denmark,en:denmark,dk,1,Maybe,Categorize existing one,5711953067907,To do,
en:quarks,Switzerland,en:switzerland,ch,1,Maybe,Categorize existing one,7613269879060,To do,
en:quarks,Norway,en:norway,no,1,Maybe,Categorize existing one,7038010000737,To do,
en:soft-cheeses,Bulgaria,en:bulgaria,bg,1,Maybe,Categorize existing one,20096847,To do,
en:feta-type-cheese,Finland,en:finland,fi,1,Maybe,Categorize existing one,,To do,
en:blue-veined-cheeses,Denmark,en:denmark,dk,1,Maybe,Categorize existing one,5740200001012,To do,
en:custards-and-pastry-creams,France,en:france,fr,1,Yes,Categorize existing one,3027030013029,To do,
en:custards-and-pastry-creams,Finland,en:finland,fi,1,Yes,Categorize existing one,7394376044342,To do,
en:custards-and-pastry-creams,Ireland,en:ireland,ie,1,Yes,Categorize existing one,4056489913559,To do,
en:dairy-desserts,Finland,en:finland,fi,1,Yes,Categorize existing one,7392672004459,To do,
en:dairy-desserts,Norway,en:norway,no,1,Yes,Categorize existing one,7038010054471,To do,
en:dairy-desserts,Hungary,en:hungary,hu,1,Yes,Categorize existing one,20761776,To do,
en:entremets-mousses-and-creamy-puddings,Hungary,en:hungary,hu,1,Yes,Categorize existing one,4056489216155,To do,
en:dairy-desserts,Hungary,en:hungary,hu,1,Yes,Categorize existing one,20761776,To do,
en:fresh-cream-cheese-cake,Hungary,en:hungary,hu,1,Yes,Categorize existing one,,To do,
en:dairy-mousses,Hungary,en:hungary,hu,1,Yes,Categorize existing one,,To do,
en:chocolate-snack-bar-dairy-filling,Hungary,en:hungary,hu,1,Yes,Categorize existing one,,To do,
en:fermented-dairy-desserts-with-fruits,Sweden,en:sweden,sv,1,Yes,Categorize existing one,6408432096105,To do,
en:fruit-quarks,Sweden,en:sweden,sv,1,Yes,Categorize existing one,6408432096105,To do,
en:quarks,Sweden,en:sweden,sv,1,Yes,Categorize existing one,4016241050526,To do,
en:flavoured-fermented-dairy-desserts,Sweden,en:sweden,sv,1,Yes,Categorize existing one,6408432106569,To do,
en:ice-creams,Denmark,en:denmark,dk,1,Yes,Categorize existing one,5705830614391,To do,
en:ice-creams,Cyprus,en:cyprus,cy,1,Yes,Categorize existing one,5290143004194,To do,
en:ice-creams,United Kingdom,en:united-kingdom,uk,1,Yes,Categorize existing one,3415581101928,To do,
en:ice-creams,Italy,en:italy,it,1,Yes,Categorize existing one,8711327591370,To do,
en:ice-creams,Finland,en:finland,fi,1,Yes,Categorize existing one,6430064407684,To do,
en:ice-creams,Luxembourg,en:luxembourg,lu,1,Yes,Categorize existing one,8901262175852,To do,
en:ice-creams,Sweden,en:sweden,sv,1,Yes,Categorize existing one,7312690021405,To do,
en:ice-creams,Croatia,en:croatia,hr,1,Yes,Categorize existing one,40145389,To do,
en:ice-creams,Spain,en:spain,es,1,Yes,Categorize existing one,8480000641472,To do,
en:ice-creams,Hungary,en:hungary,hu,1,Yes,Categorize existing one,9100000760582,To do,
en:ice-creams,Norway,en:norway,no,1,Yes,Categorize existing one,7037210119256,To do,
en:ice-creams,Ireland,en:ireland,ie,1,Yes,Categorize existing one,4056489252221,To do,
en:ice-creams,Belgium,en:belgium,be,1,Yes,Categorize existing one,8711327608665,To do,
en:ice-creams,France,en:france,fr,1,Yes,Categorize existing one,8711327615380,To do,
en:ice-creams,Netherlands,en:netherlands,nl,1,Yes,Categorize existing one,8718906117631,To do,
en:ice-creams,Estonia,en:estonia,ee,1,Yes,Categorize existing one,4740093072374,To do,
en:ice-creams,Austria,en:austria,at,1,Yes,Categorize existing one,9000143232024,To do,
en:ice-creams,Slovakia,en:slovakia,sk,1,Yes,Categorize existing one,8722700127796,To do,
en:ice-creams,Germany,en:germany,de,1,Yes,Categorize existing one,8711327631229,To do,
en:ice-creams,Malta,en:malta,mt,1,Yes,Categorize existing one,8712566342167,To do,
en:creamy-puddings,Luxembourg,en:luxembourg,lu,1,Yes,Categorize existing one,3033490306090,To do,
en:creamy-puddings,Netherlands,en:netherlands,nl,1,Yes,Categorize existing one,8711723144309,To do,
en:creamy-puddings,United Kingdom,en:united-kingdom,uk,1,Yes,Categorize existing one,5000354800870,To do,
en:creamy-puddings,Belgium,en:belgium,be,1,Yes,Categorize existing one,4056489216162,To do,
en:creamy-puddings,Germany,en:germany,de,1,Yes,Categorize existing one,4056489216162,To do,
en:cremes-fraiches,Sweden,en:sweden,sv,1,Yes,Categorize existing one,7340083435997,To do,
en:cremes-fraiches,Denmark,en:denmark,dk,1,Yes,Categorize existing one,7340011317470,To do,
en:cremes-fraiches,France,en:france,fr,1,Yes,Categorize existing one,3451790439506,To do,
en:Filmjölk med frukt,Norway,en:norway,no,0,Maybe,Categorize existing one,,To do,
en:Filmjölk med frukt,Sweden,en:sweden,sv,0,Maybe,Categorize existing one,,To do,
en:sour-creams,Finland,en:finland,fi,1,Maybe,Categorize existing one,6430033521090,To do,
en:kefir,Croatia,en:croatia,hr,1,Maybe,Categorize existing one,3850334388162,To do,
en:kefir,Hungary,en:hungary,hu,1,Maybe,Categorize existing one,5998201225405,To do,
en:kefir,Lithuania,en:lithuania,lt,1,Maybe,Categorize existing one,4056489642763,To do,
en:kefir,Estonia,en:estonia,ee,1,Maybe,Categorize existing one,4740125321166,To do,
en:kefir,Latvia,en:latvia,lv,1,Maybe,Categorize existing one,4752050206029,To do,
en:sour-creams,Finland,en:finland,fi,1,Maybe,Categorize existing one,6430033521090,To do,
en:sour-creams,Hungary,en:hungary,hu,1,Maybe,Categorize existing one,20365141,To do,
en:sour-creams,Latvia,en:latvia,lv,1,Maybe,Categorize existing one,4750072043196,To do,
en:sour-creams,Lithuania,en:lithuania,lt,1,Maybe,Categorize existing one,20957186,To do,
en:sour-creams,Poland,en:poland,pl,1,Maybe,Categorize existing one,5900531001130,To do,
en:sour-creams,Serbia,en:serbia,rs,1,Maybe,Categorize existing one,8601500112419,To do,
en:sour-creams,Slovenia,en:slovenia,sv,1,Maybe,Categorize existing one,3831115315638,To do,
en:sour-creams,Croatia,en:croatia,hr,1,Maybe,Categorize existing one,3850108036480,To do,
en:sour-creams,Austria,en:austria,at,1,Maybe,Categorize existing one,4099200029115,To do,
en:sour-creams,Estonia,en:estonia,ee,1,Maybe,Categorize existing one,,To do,
en:sour-creams,Montenegro,en:montenegro,me,1,Maybe,Categorize existing one,,To do,
en:faisselles,Cyprus,en:cyprus,cy,1,Maybe,Categorize existing one,,To do,
en:faisselles,Malta,en:malta,mt,1,Maybe,Categorize existing one,,To do,
en:soured-milk-quark,Serbia,en:serbia,rs,1,Maybe,Categorize existing one,4056489509318,To do,
en:soured-milk-quark,Montenegro,en:montenegro,me,1,Maybe,Categorize existing one,,To do,
xx:viili,Finland,en:finland,fi,1,Maybe,Categorize existing one,6408430004324,To do,
en:yogurt-drinks,Netherlands,en:netherlands,nl,1,Yes,Categorize existing one,8712800148456,To do,
en:yogurt-drinks,Portugal,en:portugal,pt,1,Yes,Categorize existing one,5601312511939,To do,
en:yogurt-drinks,Slovenia,en:slovenia,sv,1,Yes,Categorize existing one,3838800039220,To do,
en:yogurt-drinks,Sweden,en:sweden,sv,1,Yes,Categorize existing one,7310865087935,To do,
en:yogurt-drinks,Estonia,en:estonia,ee,1,Yes,Categorize existing one,47500884,To do,
en:yogurt-drinks,Switzerland,en:switzerland,ch,1,Yes,Categorize existing one,90398087,To do,
en:yogurt-drinks,Montenegro,en:montenegro,me,1,Yes,Categorize existing one,8601500111207,To do,
en:yogurt-drinks,Serbia,en:serbia,rs,1,Yes,Categorize existing one,8601500111207,To do,
en:yogurt-drinks,Ireland,en:ireland,ie,1,Yes,Categorize existing one,680569854124,To do,
en:cow-milk-yogurts,Switzerland,en:switzerland,ch,1,Maybe,Categorize existing one,7613404845806,To do,
en:cow-milk-yogurts,Slovenia,en:slovenia,sv,1,Maybe,Categorize existing one,3831051012073,To do,
en:cow-milk-yogurts,Slovakia,en:slovakia,sk,1,Maybe,Categorize existing one,8585002524638,To do,
en:cow-milk-yogurts,Portugal,en:portugal,pt,1,Maybe,Categorize existing one,8410500028268,To do,
en:cow-milk-yogurts,Czech Republic,en:czech-republic,cs,1,Maybe,Categorize existing one,8593807517304,To do,
en:flavoured-yogurts,Spain,en:spain,es,1,Yes,Categorize existing one,8480000213785,To do,
en:flavoured-yogurts,Luxembourg,en:luxembourg,lu,1,Yes,Categorize existing one,5450168544277,To do,
en:flavoured-yogurts,Italy,en:italy,it,1,Yes,Categorize existing one,4025500275068,To do,
en:flavoured-yogurts,Finland,en:finland,fi,1,Yes,Categorize existing one,6408430024841,To do,
en:flavoured-yogurts,Germany,en:germany,de,1,Yes,Categorize existing one,4002971840704,To do,
en:flavoured-yogurts,Slovenia,en:slovenia,sv,1,Yes,Categorize existing one,20039394,To do,
en:flavoured-yogurts,Poland,en:poland,pl,1,Yes,Categorize existing one,5900197027956,To do,
en:flavoured-yogurts,Netherlands,en:netherlands,nl,1,Yes,Categorize existing one,8718452273478,To do,
en:flavoured-yogurts,Ireland,en:ireland,ie,1,Yes,Categorize existing one,852614006936,To do,
en:flavoured-yogurts,France,en:france,fr,1,Yes,Categorize existing one,3661344688339,To do,
en:flavoured-yogurts,Belgium,en:belgium,be,1,Yes,Categorize existing one,3033491993176,To do,
en:flavoured-yogurts,United Kingdom,en:united-kingdom,uk,1,Yes,Categorize existing one,5063089246054,To do,
en:flavoured-yogurts,Sweden,en:sweden,sv,1,Yes,Categorize existing one,6408432106569,To do,
en:flavoured-yogurts,Denmark,en:denmark,dk,1,Yes,Categorize existing one,,To do,
en:flavoured-yogurts,Estonia,en:estonia,ee,1,Yes,Categorize existing one,,To do,
en:flavoured-yogurts,Hungary,en:hungary,hu,1,Yes,Categorize existing one,,To do,
en:flavoured-yogurts,Latvia,en:latvia,lv,1,Yes,Categorize existing one,,To do,
en:flavoured-yogurts,Lithuania,en:lithuania,lt,1,Yes,Categorize existing one,,To do,
en:plain-cow-milk-yogurts,Norway,en:norway,no,1,Maybe,Categorize existing one,7025110218780,To do,
en:plain-cow-milk-yogurts,Austria,en:austria,at,1,Maybe,Categorize existing one,,To do,
en:plain-cow-milk-yogurts,Belgium,en:belgium,be,1,Maybe,Categorize existing one,,To do,
en:plain-cow-milk-yogurts,Croatia,en:croatia,hr,1,Maybe,Categorize existing one,,To do,
en:plain-cow-milk-yogurts,Cyprus,en:cyprus,cy,1,Maybe,Categorize existing one,,To do,
en:plain-cow-milk-yogurts,Denmark,en:denmark,dk,1,Maybe,Categorize existing one,,To do,
en:plain-cow-milk-yogurts,Finland,en:finland,fi,1,Maybe,Categorize existing one,,To do,
en:plain-cow-milk-yogurts,France,en:france,fr,1,Maybe,Categorize existing one,,To do,
en:plain-cow-milk-yogurts,Germany,en:germany,de,1,Maybe,Categorize existing one,,To do,
en:plain-cow-milk-yogurts,Greece,en:greece,el,1,Maybe,Categorize existing one,,To do,
en:plain-cow-milk-yogurts,Hungary,en:hungary,hu,1,Maybe,Categorize existing one,,To do,
en:plain-cow-milk-yogurts,Ireland,en:ireland,ie,1,Maybe,Categorize existing one,,To do,
en:plain-cow-milk-yogurts,Italy,en:italy,it,1,Maybe,Categorize existing one,,To do,
en:plain-cow-milk-yogurts,Luxembourg,en:luxembourg,lu,1,Maybe,Categorize existing one,,To do,
en:plain-cow-milk-yogurts,Malta,en:malta,mt,1,Maybe,Categorize existing one,,To do,
en:plain-cow-milk-yogurts,Montenegro,en:montenegro,me,1,Maybe,Categorize existing one,,To do,
en:plain-cow-milk-yogurts,Netherlands,en:netherlands,nl,1,Maybe,Categorize existing one,,To do,
en:plain-cow-milk-yogurts,Poland,en:poland,pl,1,Maybe,Categorize existing one,,To do,
en:plain-cow-milk-yogurts,Portugal,en:portugal,pt,1,Maybe,Categorize existing one,,To do,
en:plain-cow-milk-yogurts,Romania,en:romania,ro,1,Maybe,Categorize existing one,,To do,
en:plain-cow-milk-yogurts,Serbia,en:serbia,rs,1,Maybe,Categorize existing one,,To do,
en:plain-cow-milk-yogurts,Slovenia,en:slovenia,sv,1,Maybe,Categorize existing one,,To do,
en:plain-cow-milk-yogurts,Spain,en:spain,es,1,Maybe,Categorize existing one,,To do,
en:plain-cow-milk-yogurts,Sweden,en:sweden,sv,1,Maybe,Categorize existing one,,To do,
en:plain-cow-milk-yogurts,United Kingdom,en:united-kingdom,uk,1,Maybe,Categorize existing one,,To do,
en:creams,Latvia,en:latvia,lv,1,Yes,Categorize existing one,4750072043196,To do,
en:creams,Lithuania,en:lithuania,lt,1,Yes,Categorize existing one,20957186,To do,
en:flavoured-milks,Luxembourg,en:luxembourg,lu,1,Yes,Categorize existing one,5450168551800,To do,
en:flavoured-milks,Belgium,en:belgium,be,1,Yes,Categorize existing one,5414150631147,To do,
en:flavoured-milks,Netherlands,en:netherlands,nl,1,Yes,Categorize existing one,8712800188322,To do,
en:flavoured-milks,Denmark,en:denmark,dk,1,Yes,Categorize existing one,5711953068881,To do,
en:flavoured-milks,Portugal,en:portugal,pt,1,Yes,Categorize existing one,5601192103101,To do,
en:flavoured-milks,Norway,en:norway,no,1,Yes,Categorize existing one,7038010004261,To do,
en:multivitamin-and-mineral-supplements,Belgium,en:belgium,be,1,Yes,Categorize existing one,8723300710746,To do,
en:multivitamin-and-mineral-supplements,Ireland,en:ireland,ie,1,Yes,Categorize existing one,735850866840,To do,
en:multivitamin-and-mineral-supplements,Finland,en:finland,fi,1,Yes,Categorize existing one,,To do,
en:multivitamin-and-mineral-supplements,Hungary,en:hungary,hu,1,Yes,Categorize existing one,,To do,
en:multivitamin-and-mineral-supplements,Luxembourg,en:luxembourg,lu,1,Yes,Categorize existing one,,To do,
en:multivitamin-and-mineral-supplements,Netherlands,en:netherlands,nl,1,Yes,Categorize existing one,,To do,
en:mct-powder,Estonia,en:estonia,ee,1,Yes,Categorize existing one,,To do,
en:mct-powder,Finland,en:finland,fi,1,Yes,Categorize existing one,,To do,
en:mct-powder,Ireland,en:ireland,ie,1,Yes,Categorize existing one,,To do,
en:mct-powder,United Kingdom,en:united-kingdom,uk,1,Yes,Categorize existing one,,To do,
en:multivitamin-and-mineral-supplements,Austria,en:austria,at,1,Yes,Categorize existing one,,To do,
en:multivitamin-and-mineral-supplements,Finland,en:finland,fi,1,Yes,Categorize existing one,,To do,
en:protein-powders,Hungary,en:hungary,hu,1,Yes,Categorize existing one,5999076228379,To do,
en:dietary-supplements,Norway,en:norway,no,1,Yes,Categorize existing one,7090020126791,To do,
en:multivitamin-and-mineral-supplements,Norway,en:norway,no,1,Yes,Categorize existing one,,To do,
en:vitamin-supplements,Serbia,en:serbia,rs,1,Yes,Categorize existing one,8606110722096,To do,
en:vitamin-supplements,Finland,en:finland,fi,1,Yes,Categorize existing one,6419860991276,To do,
en:vitamin-supplements,Hungary,en:hungary,hu,1,Yes,Categorize existing one,5999883354933,To do,
en:vitamin-supplements,Netherlands,en:netherlands,nl,1,Yes,Categorize existing one,8723300710784,To do,
en:vitamin-supplements,Croatia,en:croatia,hr,1,Yes,Categorize existing one,4058172921971,To do,
en:vitamin-supplements,Estonia,en:estonia,ee,1,Yes,Categorize existing one,,To do,
en:vitamin-supplements,Slovenia,en:slovenia,sv,1,Yes,Categorize existing one,,To do,
en:baker-s-yeast,Poland,en:poland,pl,1,Yes,Categorize existing one,59029038,To do,
en:yeast,Poland,en:poland,pl,1,Yes,Categorize existing one,59029038,To do,
en:baker-s-yeast,Serbia,en:serbia,rs,1,Yes,Categorize existing one,5997948129083,To do,
en:baker-s-yeast,Switzerland,en:switzerland,ch,1,Yes,Categorize existing one,76400537,To do,
en:yeast,Switzerland,en:switzerland,ch,1,Yes,Categorize existing one,76400537,To do,
en:yeast,Croatia,en:croatia,hr,1,Yes,Categorize existing one,4000521024444,To do,
en:baker-s-yeast,France,en:france,fr,1,Yes,Categorize existing one,3011360004420,To do,
en:yeast,Italy,en:italy,it,1,Yes,Categorize existing one,8003000362705,To do,
en:baker-s-yeast-compressed,Italy,en:italy,it,1,Yes,Categorize existing one,8002330004651,To do,
en:baker-s-yeast,Austria,en:austria,at,1,Yes,Categorize existing one,41017708,To do,
en:baker-s-yeast-compressed,France,en:france,fr,1,Yes,Categorize existing one,3278584330159,To do,
en:yeast,France,en:france,fr,1,Yes,Categorize existing one,3175680015228,To do,
en:baker-s-yeast,Italy,en:italy,it,1,Yes,Categorize existing one,8003170037526,To do,
en:yeast,Austria,en:austria,at,1,Yes,Categorize existing one,90229084,To do,
en:baker-s-yeast-compressed,Austria,en:austria,at,1,Yes,Categorize existing one,,To do,
en:baker-s-yeast,Croatia,en:croatia,hr,1,Yes,Categorize existing one,,To do,
en:baker-s-yeast-compressed,Croatia,en:croatia,hr,1,Yes,Categorize existing one,,To do,
en:baker-s-yeast,Montenegro,en:montenegro,me,1,Yes,Categorize existing one,,To do,
en:baker-s-yeast-compressed,Montenegro,en:montenegro,me,1,Yes,Categorize existing one,,To do,
en:yeast,Montenegro,en:montenegro,me,1,Yes,Categorize existing one,,To do,
en:baker-s-yeast-compressed,Poland,en:poland,pl,1,Yes,Categorize existing one,,To do,
en:baker-s-yeast-compressed,Serbia,en:serbia,rs,1,Yes,Categorize existing one,,To do,
en:yeast,Serbia,en:serbia,rs,1,Yes,Categorize existing one,,To do,
en:baker-s-yeast,Slovenia,en:slovenia,sv,1,Yes,Categorize existing one,,To do,
en:baker-s-yeast-compressed,Slovenia,en:slovenia,sv,1,Yes,Categorize existing one,,To do,
en:yeast,Slovenia,en:slovenia,sv,1,Yes,Categorize existing one,,To do,
en:baker-s-yeast-compressed,Switzerland,en:switzerland,ch,1,Yes,Categorize existing one,,To do,
en:meat-analogues,Ireland,en:ireland,ie,1,Yes,Categorize existing one,5034467000223,To do,
en:vegan-products,Ireland,en:ireland,ie,1,Yes,Categorize existing one,5411188121213,To do,
en:meat-alternatives,Ireland,en:ireland,ie,1,Yes,Categorize existing one,5036829756304,To do,
en:plant-based-creams,Ireland,en:ireland,ie,1,Yes,Categorize existing one,4088600179131,To do,
en:plant-based-spreads,Ireland,en:ireland,ie,1,Yes,Categorize existing one,5011037611195,To do,
en:vegetarian-spreads-with-meat-like-pieces,Ireland,en:ireland,ie,1,Yes,Categorize existing one,,To do,
en:vegan-vegetable-spreads,Ireland,en:ireland,ie,1,Yes,Categorize existing one,,To do,
en:Veganes Zwiebelschmalz,Ireland,en:ireland,ie,0,Yes,Categorize existing one,,To do,
en:plant-based-creams-for-cooking,Finland,en:finland,fi,1,Yes,Categorize existing one,6430051825415,To do,
en:creamer,Netherlands,en:netherlands,nl,1,Yes,Categorize existing one,8718452871407,To do,
en:oat-based-drinks,Italy,en:italy,it,1,Yes,Categorize existing one,5411188124689,To do,
en:oat-based-drinks,Finland,en:finland,fi,1,Yes,Categorize existing one,7394376616037,To do,
en:oat-based-drinks,Croatia,en:croatia,hr,1,Yes,Categorize existing one,4056489041320,To do,
en:oat-based-drinks,Sweden,en:sweden,sv,1,Yes,Categorize existing one,7394376623912,To do,
en:rice-based-drinks,Italy,en:italy,it,1,Yes,Categorize existing one,8002670500516,To do,
en:soy-based-drinks,Italy,en:italy,it,1,Yes,Categorize existing one,5411188115496,To do,
en:soy-based-drinks,Luxembourg,en:luxembourg,lu,1,Yes,Categorize existing one,5411188115496,To do,
en:soy-based-drinks,Netherlands,en:netherlands,nl,1,Yes,Categorize existing one,5411188115496,To do,
en:soy-based-drinks,Austria,en:austria,at,1,Yes,Categorize existing one,5411188115472,To do,
en:soy-based-drinks,Belgium,en:belgium,be,1,Yes,Categorize existing one,5411188115472,To do,
en:soy-based-drinks,Ireland,en:ireland,ie,1,Yes,Categorize existing one,5411188103387,To do,
en:soy-based-drinks,Portugal,en:portugal,pt,1,Yes,Categorize existing one,8480017001627,To do,
en:soy-based-drinks,Spain,en:spain,es,1,Yes,Categorize existing one,8480017001627,To do,
en:soy-based-drinks,Croatia,en:croatia,hr,1,Yes,Categorize existing one,20230524,To do,
en:soy-based-drinks,France,en:france,fr,1,Yes,Categorize existing one,3596710385256,To do,
en:soy-milk-yogurts,Luxembourg,en:luxembourg,lu,1,Yes,Categorize existing one,5411188125808,To do,
en:soy-milk-yogurts,Belgium,en:belgium,be,1,Yes,Categorize existing one,5411188099154,To do,
en:soy-milk-yogurts,France,en:france,fr,1,Yes,Categorize existing one,5411188119098,To do,
xx:tofu,Austria,en:austria,at,1,Yes,Categorize existing one,4066447506235,To do,
en:vegetarian-balls,Netherlands,en:netherlands,nl,1,Yes,Categorize existing one,8718907825375,To do,
en:vegetarian-nuggets,Netherlands,en:netherlands,nl,1,Yes,Categorize existing one,8712800002352,To do,
en:cheese-croquettes,Netherlands,en:netherlands,nl,1,Yes,Categorize existing one,8719009380410,To do,
en:vegetarian-cordons-bleus,Netherlands,en:netherlands,nl,1,Yes,Categorize existing one,8718452705627,To do,
en:vegetarian-patties,Netherlands,en:netherlands,nl,1,Yes,Categorize existing one,1230000156431,To do,
en:Croquettes de pommes de terre surgelées,Netherlands,en:netherlands,nl,0,Yes,Categorize existing one,,To do,
en:frozen-vegetarian-nuggets,Netherlands,en:netherlands,nl,1,Yes,Categorize existing one,,To do,
en:frozen-vegan-nuggets,Netherlands,en:netherlands,nl,1,Yes,Categorize existing one,,To do,
en:balsamic-vinegars,Malta,en:malta,mt,1,Yes,Categorize existing one,5352001018207,To do,
en:balsamic-vinegars,Cyprus,en:cyprus,cy,1,Yes,Categorize existing one,,To do,
en:bechamel-sauces,France,en:france,fr,1,Yes,Categorize existing one,3451790961038,To do,
en:cheese-sauces,Sweden,en:sweden,sv,1,Yes,Categorize existing one,7350115940207,To do,
en:gravy,Netherlands,en:netherlands,nl,1,Yes,Categorize existing one,4065019015236,To do,
en:gravy,Ireland,en:ireland,ie,1,Yes,Categorize existing one,5000354919534,To do,
en:gravy,United Kingdom,en:united-kingdom,uk,1,Yes,Categorize existing one,5000354919527,To do,
en:gravy,Germany,en:germany,de,1,Yes,Categorize existing one,4335619046610,To do,
en:gravy,Latvia,en:latvia,lv,1,Yes,Categorize existing one,,To do,
en:gravy,Lithuania,en:lithuania,lt,1,Yes,Categorize existing one,,To do,
en:gravy,Sweden,en:sweden,sv,1,Yes,Categorize existing one,,To do,
en:salad-dressings,Switzerland,en:switzerland,ch,1,Yes,Categorize existing one,7640109670013,To do,
en:cream-sauces-with-herbs,Switzerland,en:switzerland,ch,1,Yes,Categorize existing one,7640175280130,To do,
en:sauces,Switzerland,en:switzerland,ch,1,Yes,Categorize existing one,8715700017006,To do,
en:cream-sauces,Switzerland,en:switzerland,ch,1,Yes,Categorize existing one,5900617048448,To do,
en:bechamel-sauces,Switzerland,en:switzerland,ch,1,Yes,Categorize existing one,7610100055645,To do,
en:cream-sauces-with-mushrooms,Switzerland,en:switzerland,ch,1,Yes,Categorize existing one,7611100450478,To do,
en:sauces-and-condiments-variety-packs,Switzerland,en:switzerland,ch,1,Yes,Categorize existing one,7613312434529,To do,
en:cream-sauce-with-shallots,Switzerland,en:switzerland,ch,1,Yes,Categorize existing one,,To do,
en:home-made-bechamel-sauce,Switzerland,en:switzerland,ch,1,Yes,Categorize existing one,,To do,
en:cream-sauces-with-spices,Switzerland,en:switzerland,ch,1,Yes,Categorize existing one,,To do,
en:salad-creams,Switzerland,en:switzerland,ch,1,Yes,Categorize existing one,,To do,
en:curry-sauces,Ireland,en:ireland,ie,1,Yes,Categorize existing one,4088600050713,To do,
en:hot-sauces,Netherlands,en:netherlands,nl,1,Yes,Categorize existing one,6921804700269,To do,
en:pepper-sauces,Netherlands,en:netherlands,nl,1,Yes,Categorize existing one,727452000722,To do,
en:fermented-foods,Romania,en:romania,ro,1,Yes,Categorize existing one,4056489143833,To do,
en:fermented-foods,Romania,en:romania,ro,1,Yes,Categorize existing one,4056489143833,To do,
en:fermented-drinks,Romania,en:romania,ro,1,Yes,Categorize existing one,4025500186821,To do,
en:hollandaise-sauce,Sweden,en:sweden,sv,1,Yes,Categorize existing one,7318690100775,To do,
en:mayonnaises,Luxembourg,en:luxembourg,lu,1,Yes,Categorize existing one,5450068095046,To do,
en:mayonnaises,Latvia,en:latvia,lv,1,Yes,Categorize existing one,4750004010029,To do,
en:mayonnaises,Montenegro,en:montenegro,me,1,Yes,Categorize existing one,8600498176359,To do,
en:mayonnaises,Serbia,en:serbia,rs,1,Yes,Categorize existing one,8600498176359,To do,
en:mayonnaises,Ireland,en:ireland,ie,1,Yes,Categorize existing one,5000184321071,To do,
en:mayonnaises,Netherlands,en:netherlands,nl,1,Yes,Categorize existing one,8710716030254,To do,
en:mayonnaises,Finland,en:finland,fi,1,Yes,Categorize existing one,5000184321064,To do,
en:mayonnaises,Sweden,en:sweden,sv,1,Yes,Categorize existing one,5000184321064,To do,
en:mayonnaises,Greece,en:greece,el,1,Yes,Categorize existing one,8718114717081,To do,
en:mayonnaises,France,en:france,fr,1,Yes,Categorize existing one,3011360030498,To do,
en:mayonnaises,Hungary,en:hungary,hu,1,Yes,Categorize existing one,5997010304561,To do,
en:mayonnaises,Croatia,en:croatia,hr,1,Yes,Categorize existing one,3858882210263,To do,
en:mayonnaises,Lithuania,en:lithuania,lt,1,Yes,Categorize existing one,8720182083203,To do,
en:mayonnaises,Poland,en:poland,pl,1,Yes,Categorize existing one,5900085011012,To do,
en:mayonnaises,Austria,en:austria,at,1,Yes,Categorize existing one,9000144046903,To do,
en:mayonnaises,United Kingdom,en:united-kingdom,uk,1,Yes,Categorize existing one,8718114724485,To do,
en:mayonnaises,Portugal,en:portugal,pt,1,Yes,Categorize existing one,8712100417054,To do,
en:mayonnaises,Switzerland,en:switzerland,ch,1,Yes,Categorize existing one,7610100034084,To do,
en:mayonnaises,Romania,en:romania,ro,1,Yes,Categorize existing one,8720182088376,To do,
en:mayonnaises,Belgium,en:belgium,be,1,Yes,Categorize existing one,5410056195349,To do,
en:mayonnaises,Spain,en:spain,es,1,Yes,Categorize existing one,8410127050819,To do,
en:mayonnaises,Germany,en:germany,de,1,Yes,Categorize existing one,4061458029698,To do,
en:mayonnaises,Estonia,en:estonia,ee,1,Yes,Categorize existing one,4740502002152,To do,
en:mayonnaises,Denmark,en:denmark,dk,1,Yes,Categorize existing one,8710522882276,To do,
en:mayonnaises,Norway,en:norway,no,1,Yes,Categorize existing one,7036110006086,To do,
en:hollandaise-sauce,Norway,en:norway,no,1,Yes,Categorize existing one,,To do,
en:light-mayonnaises,Denmark,en:denmark,dk,1,Yes,Categorize existing one,5711044409548,To do,
en:light-mayonnaises,Estonia,en:estonia,ee,1,Yes,Categorize existing one,,To do,
en:vermouth,Finland,en:finland,fi,1,Yes,Categorize existing one,,To do,
en:mixed-vegetable-pickles,Ireland,en:ireland,ie,1,Yes,Categorize existing one,,To do,
en:mustard-sauces,Belgium,en:belgium,be,1,Yes,Categorize existing one,5400111008158,To do,
en:mustards,Luxembourg,en:luxembourg,lu,1,Yes,Categorize existing one,8720182556738,To do,
en:mustard-sauces,Luxembourg,en:luxembourg,lu,1,Yes,Categorize existing one,5450068080165,To do,
en:mustard-sauces,Ireland,en:ireland,ie,1,Yes,Categorize existing one,4012860993411,To do,
en:mustard-sauces,Romania,en:romania,ro,1,Yes,Categorize existing one,5941486004784,To do,
en:mustards,Hungary,en:hungary,hu,1,Yes,Categorize existing one,5997010305186,To do,
en:mustards,Romania,en:romania,ro,1,Yes,Categorize existing one,5941486004142,To do,
en:mustards,Belgium,en:belgium,be,1,Yes,Categorize existing one,5410641100000,To do,
en:mustards,Ireland,en:ireland,ie,1,Yes,Categorize existing one,50147588,To do,
en:mustards,Czech Republic,en:czech-republic,cs,1,Yes,Categorize existing one,20105389,To do,
en:mustards,Denmark,en:denmark,dk,1,Yes,Categorize existing one,3036810201372,To do,
en:mustards,Slovakia,en:slovakia,sk,1,Yes,Categorize existing one,8586012610632,To do,
en:mustard-sauces,Czech Republic,en:czech-republic,cs,1,Yes,Categorize existing one,,To do,
en:mustard-sauces,Denmark,en:denmark,dk,1,Yes,Categorize existing one,,To do,
en:mustard-sauces,Hungary,en:hungary,hu,1,Yes,Categorize existing one,,To do,
en:mustard-sauces,Slovakia,en:slovakia,sk,1,Yes,Categorize existing one,,To do,
en:mustard-sauces,Austria,en:austria,at,1,Yes,Categorize existing one,8000298005444,To do,
en:mustard-sauces,Cyprus,en:cyprus,cy,1,Yes,Categorize existing one,,To do,
en:mustard-sauces,Malta,en:malta,mt,1,Yes,Categorize existing one,,To do,
en:mustards,France,en:france,fr,1,Yes,Categorize existing one,8720182556738,To do,
en:mustards,Switzerland,en:switzerland,ch,1,Yes,Categorize existing one,8720182556738,To do,
en:mustards,Finland,en:finland,fi,1,Yes,Categorize existing one,6414202501007,To do,
en:mustards,Slovenia,en:slovenia,sv,1,Yes,Categorize existing one,4061459387414,To do,
en:cooked-oat-flakes,Sweden,en:sweden,sv,1,Yes,Categorize existing one,,To do,
en:condiments,Ireland,en:ireland,ie,1,Yes,Categorize existing one,50457236,To do,
en:salad-dressings,Denmark,en:denmark,dk,1,Yes,Categorize existing one,5000184321064,To do,
en:salad-dressings,Finland,en:finland,fi,1,Yes,Categorize existing one,5000184321064,To do,
en:salad-dressings,Norway,en:norway,no,1,Yes,Categorize existing one,5000184321064,To do,
en:salad-dressings,Belgium,en:belgium,be,1,Yes,Categorize existing one,5410093143563,To do,
en:salad-dressings,Netherlands,en:netherlands,nl,1,Yes,Categorize existing one,8710448539155,To do,
en:salad-dressings,Luxembourg,en:luxembourg,lu,1,Yes,Categorize existing one,5430004044017,To do,
en:salad-dressings,Switzerland,en:switzerland,ch,1,Yes,Categorize existing one,7640109670013,To do,
en:salad-dressings,France,en:france,fr,1,Yes,Categorize existing one,8711200584383,To do,
en:salad-dressings,Ireland,en:ireland,ie,1,Yes,Categorize existing one,8722700479475,To do,
en:salad-dressings,United Kingdom,en:united-kingdom,uk,1,Yes,Categorize existing one,8722700479475,To do,
en:salad-dressings,Germany,en:germany,de,1,Yes,Categorize existing one,4000339057825,To do,
en:salad-dressings,Austria,en:austria,at,1,Yes,Categorize existing one,9100000019932,To do,
en:salad-dressings,Estonia,en:estonia,ee,1,Yes,Categorize existing one,,To do,
en:sauces,Norway,en:norway,no,1,Yes,Categorize existing one,7039010081320,To do,
en:soy-sauces,Ireland,en:ireland,ie,1,Yes,Categorize existing one,8715035110106,To do,
en:soy-sauces,Netherlands,en:netherlands,nl,1,Yes,Categorize existing one,8715035130104,To do,
en:tartare-sauces,Czech Republic,en:czech-republic,cs,1,Yes,Categorize existing one,8595003415491,To do,
en:tartare-sauces,Slovakia,en:slovakia,sk,1,Yes,Categorize existing one,8595003415491,To do,
en:tartare-sauces,Denmark,en:denmark,dk,1,Yes,Categorize existing one,,To do,
en:ketchup,Montenegro,en:montenegro,me,1,Yes,Categorize existing one,8600005000016,To do,
en:ketchup,Serbia,en:serbia,rs,1,Yes,Categorize existing one,8600005000016,To do,
en:ketchup,Czech Republic,en:czech-republic,cs,1,Yes,Categorize existing one,8595139797003,To do,
en:ketchup,Slovakia,en:slovakia,sk,1,Yes,Categorize existing one,8711200398492,To do,
en:ketchup,Croatia,en:croatia,hr,1,Yes,Categorize existing one,3858882210874,To do,
en:ketchup,Latvia,en:latvia,lv,1,Yes,Categorize existing one,8711200398553,To do,
en:ketchup,Poland,en:poland,pl,1,Yes,Categorize existing one,5900385012573,To do,
en:ketchup,Luxembourg,en:luxembourg,lu,1,Yes,Categorize existing one,87157215,To do,
en:ketchup,Cyprus,en:cyprus,cy,1,Yes,Categorize existing one,5290694014635,To do,
en:ketchup,Austria,en:austria,at,1,Yes,Categorize existing one,9000295871454,To do,
en:ketchup,Ireland,en:ireland,ie,1,Yes,Categorize existing one,50457236,To do,
en:ketchup,United Kingdom,en:united-kingdom,uk,1,Yes,Categorize existing one,50457236,To do,
en:ketchup,Denmark,en:denmark,dk,1,Yes,Categorize existing one,8715700016504,To do,
en:ketchup,Lithuania,en:lithuania,lt,1,Yes,Categorize existing one,8715700016504,To do,
en:ketchup,Sweden,en:sweden,sv,1,Yes,Categorize existing one,8715700016504,To do,
en:ketchup,Finland,en:finland,fi,1,Yes,Categorize existing one,7310240651287,To do,
en:ketchup,Hungary,en:hungary,hu,1,Yes,Categorize existing one,5997010302239,To do,
en:ketchup,Estonia,en:estonia,ee,1,Yes,Categorize existing one,8711200405862,To do,
en:ketchup,France,en:france,fr,1,Yes,Categorize existing one,8715700407760,To do,
en:ketchup,Belgium,en:belgium,be,1,Yes,Categorize existing one,87157239,To do,
en:ketchup,Greece,en:greece,el,1,Yes,Categorize existing one,4056489470847,To do,
en:ketchup,Netherlands,en:netherlands,nl,1,Yes,Categorize existing one,4027400148909,To do,
en:ketchup,Malta,en:malta,mt,1,Yes,Categorize existing one,,To do,
en:tomato-sauces-for-pizzas,Switzerland,en:switzerland,ch,1,Yes,Categorize existing one,8032817246526,To do,
en:tomato-sauces-with-cheese,Switzerland,en:switzerland,ch,1,Yes,Categorize existing one,8076809521543,To do,
en:tomato-sauces-with-ricotta,Switzerland,en:switzerland,ch,1,Yes,Categorize existing one,8076809521543,To do,
en:fried-tomato-sauces,Switzerland,en:switzerland,ch,1,Yes,Categorize existing one,8410313266000,To do,
en:tomato-sauces-with-olives,Switzerland,en:switzerland,ch,1,Yes,Categorize existing one,8076809513715,To do,
fr:sauces-puttanesca,Switzerland,en:switzerland,ch,1,Yes,Categorize existing one,8076809541121,To do,
en:tomato-sauces-with-parmesan-cheese,Switzerland,en:switzerland,ch,1,Yes,Categorize existing one,20431471,To do,
en:tomato-sauces-with-vegetables,Switzerland,en:switzerland,ch,1,Yes,Categorize existing one,20431471,To do,
en:tomato-sauces,Switzerland,en:switzerland,ch,1,Yes,Categorize existing one,8715700017006,To do,
en:ketchup,Switzerland,en:switzerland,ch,1,Yes,Categorize existing one,8715700017006,To do,
en:tomato-sauces-with-basil,Switzerland,en:switzerland,ch,1,Yes,Categorize existing one,8076809513722,To do,
en:tomato-sauces-with-onions,Switzerland,en:switzerland,ch,1,Yes,Categorize existing one,8001665701716,To do,
en:neapolitan-sauces,Switzerland,en:switzerland,ch,1,Yes,Categorize existing one,8076809513692,To do,
en:pimented-tomato-sauces,Switzerland,en:switzerland,ch,1,Yes,Categorize existing one,46000283272,To do,
en:tomato-sauces-with-garlic,Switzerland,en:switzerland,ch,1,Yes,Categorize existing one,,To do,
en:tomato-sauces-with-mushrooms,Switzerland,en:switzerland,ch,1,Yes,Categorize existing one,,To do,
en:sicilian-sauces,Switzerland,en:switzerland,ch,1,Yes,Categorize existing one,,To do,
en:tomato-sauces,Germany,en:germany,de,1,Yes,Categorize existing one,4027400148008,To do,
en:tomato-sauces,Luxembourg,en:luxembourg,lu,1,Yes,Categorize existing one,87157215,To do,
en:tomato-sauces,Spain,en:spain,es,1,Yes,Categorize existing one,8480000171320,To do,
en:tomato-sauces,Austria,en:austria,at,1,Yes,Categorize existing one,9000295871454,To do,
en:tomato-sauces,Ireland,en:ireland,ie,1,Yes,Categorize existing one,50457236,To do,
en:tomato-sauces,United Kingdom,en:united-kingdom,uk,1,Yes,Categorize existing one,50457236,To do,
en:tomato-sauces,Belgium,en:belgium,be,1,Yes,Categorize existing one,8076809513722,To do,
en:tomato-sauces,France,en:france,fr,1,Yes,Categorize existing one,8715700407760,To do,
en:tomato-sauces,Greece,en:greece,el,1,Yes,Categorize existing one,4056489470847,To do,
en:tomato-sauces,Netherlands,en:netherlands,nl,1,Yes,Categorize existing one,4027400148909,To do,
en:vinegars,Switzerland,en:switzerland,ch,1,Yes,Categorize existing one,7615200010815,To do,
en:vinegars,Malta,en:malta,mt,1,Yes,Categorize existing one,5352001018207,To do,
en:vinegars,Greece,en:greece,el,1,Yes,Categorize existing one,5201031250340,To do,
en:vinegars,Portugal,en:portugal,pt,1,Yes,Categorize existing one,5601070000539,To do,
en:vinegars,Latvia,en:latvia,lv,1,Yes,Categorize existing one,8715035614000,To do,
en:vinegars,Austria,en:austria,at,1,Yes,Categorize existing one,9011900100012,To do,
en:vinegars,France,en:france,fr,1,Yes,Categorize existing one,8722700197508,To do,
en:vinegars,Bulgaria,en:bulgaria,bg,1,Yes,Categorize existing one,3800111804262,To do,
en:vinegars,Croatia,en:croatia,hr,1,Yes,Categorize existing one,4056489440512,To do,
en:vinegars,Czech Republic,en:czech-republic,cs,1,Yes,Categorize existing one,6921180880791,To do,
en:vinegars,Denmark,en:denmark,dk,1,Yes,Categorize existing one,5712877349193,To do,
en:vinegars,Ireland,en:ireland,ie,1,Yes,Categorize existing one,5391507731418,To do,
en:vinegars,Lithuania,en:lithuania,lt,1,Yes,Categorize existing one,6970606997094,To do,
en:vinegars,Romania,en:romania,ro,1,Yes,Categorize existing one,8032754439227,To do,
en:vinegars,Sweden,en:sweden,sv,1,Yes,Categorize existing one,7311041068786,To do,
en:vinegars,Hungary,en:hungary,hu,1,Yes,Categorize existing one,20470265,To do,
en:vinegars,Cyprus,en:cyprus,cy,1,Yes,Categorize existing one,,To do,
en:vinegars,Slovakia,en:slovakia,sk,1,Yes,Categorize existing one,,To do,
en:cider-vinegars,Croatia,en:croatia,hr,1,Yes,Categorize existing one,,To do,
en:cider-vinegars,Montenegro,en:montenegro,me,1,Yes,Categorize existing one,,To do,
en:cider-vinegars,Serbia,en:serbia,rs,1,Yes,Categorize existing one,,To do,
en:cider-vinegars,Slovenia,en:slovenia,sv,1,Yes,Categorize existing one,,To do,
en:wine-vinegars,Germany,en:germany,de,1,Yes,Categorize existing one,4008100123052,To do,
en:wine-vinegars,Italy,en:italy,it,1,Yes,Categorize existing one,8017596014962,To do,
en:wine-vinegars,Austria,en:austria,at,1,Yes,Categorize existing one,9002233059375,To do,
en:wine-vinegars,Spain,en:spain,es,1,Yes,Categorize existing one,8480000049407,To do,
en:wine-vinegars,Finland,en:finland,fi,1,Yes,Categorize existing one,,To do,
en:wine-vinegars,Slovenia,en:slovenia,sv,1,Yes,Categorize existing one,,To do,
en:white-butter-sauces,Latvia,en:latvia,lv,1,Yes,Categorize existing one,,To do,
en:white-butter-sauces,Lithuania,en:lithuania,lt,1,Yes,Categorize existing one,,To do,
en:gravy,Ireland,en:ireland,ie,1,Yes,Categorize existing one,5000354919534,To do,
en:meats-and-their-products,Latvia,en:latvia,lv,1,Yes,Categorize existing one,4750174443672,To do,
en:meats-and-their-products,Lithuania,en:lithuania,lt,1,Yes,Categorize existing one,4770118403265,To do,
en:beef-broth,Sweden,en:sweden,sv,1,Yes,Categorize existing one,8714100783511,To do,
en:bouillon-cubes,Slovenia,en:slovenia,sv,1,Yes,Categorize existing one,4099200015613,To do,
en:bouillon-cubes,Finland,en:finland,fi,1,Yes,Categorize existing one,4056489168096,To do,
en:bouillon-cubes,Czech Republic,en:czech-republic,cs,1,Yes,Categorize existing one,8590421049600,To do,
en:bouillon-cubes,Switzerland,en:switzerland,ch,1,Yes,Categorize existing one,7611100055086,To do,
en:bouillon-cubes,Belgium,en:belgium,be,1,Yes,Categorize existing one,8710604722193,To do,
en:bouillon-cubes,Latvia,en:latvia,lv,1,Yes,Categorize existing one,,To do,
en:bouillon-cubes,Lithuania,en:lithuania,lt,1,Yes,Categorize existing one,,To do,
en:bouillon-cubes,Luxembourg,en:luxembourg,lu,1,Yes,Categorize existing one,,To do,
en:bouillon-cubes,Slovakia,en:slovakia,sk,1,Yes,Categorize existing one,,To do,
en:broth-stock,Croatia,en:croatia,hr,1,Yes,Categorize existing one,9100000050881,To do,
en:bouillon-pots,Croatia,en:croatia,hr,1,Yes,Categorize existing one,,To do,
en:dehydrated-meat-and-vegetables-broth-stock,Croatia,en:croatia,hr,1,Yes,Categorize existing one,,To do,
en:poultry-broth,Croatia,en:croatia,hr,1,Yes,Categorize existing one,3850104274879,To do,
en:poultry-broth,France,en:france,fr,1,Yes,Categorize existing one,7613033687884,To do,
en:poultry-broth,Ireland,en:ireland,ie,1,Yes,Categorize existing one,5000184161028,To do,
en:poultry-broth,Portugal,en:portugal,pt,1,Yes,Categorize existing one,,To do,
en:poultry-broth,Serbia,en:serbia,rs,1,Yes,Categorize existing one,,To do,
en:dehydrated-broth-with-meat-and-vegetables,Finland,en:finland,fi,1,Yes,Categorize existing one,,To do,
en:vegetable-bouillon-cubes,Netherlands,en:netherlands,nl,1,Yes,Categorize existing one,8710624495893,To do,
en:vegetable-bouillon-cubes,Sweden,en:sweden,sv,1,Yes,Categorize existing one,8712100816017,To do,
en:vegetable-bouillon-cubes,Ireland,en:ireland,ie,1,Yes,Categorize existing one,8712566479368,To do,
en:vegetable-bouillon-cubes,Switzerland,en:switzerland,ch,1,Yes,Categorize existing one,7613032847449,To do,
en:vegetable-bouillon-cubes,Estonia,en:estonia,ee,1,Yes,Categorize existing one,,To do,
en:vegetable-bouillon-cubes,Czech Republic,en:czech-republic,cs,1,Yes,Categorize existing one,8590421049600,To do,
en:dehydrated-broths,Czech Republic,en:czech-republic,cs,1,Yes,Categorize existing one,8590421049600,To do,
en:dehydrated-broths,Slovakia,en:slovakia,sk,1,Yes,Categorize existing one,8593838971489,To do,
en:vegetable-bouillon-powders,Czech Republic,en:czech-republic,cs,1,Yes,Categorize existing one,,To do,
en:dehydrated-vegetables-bouillon,Czech Republic,en:czech-republic,cs,1,Yes,Categorize existing one,,To do,
en:vegetable-bouillon-cubes,Slovakia,en:slovakia,sk,1,Yes,Categorize existing one,,To do,
en:vegetable-bouillon-powders,Slovakia,en:slovakia,sk,1,Yes,Categorize existing one,,To do,
en:dehydrated-vegetables-bouillon,Slovakia,en:slovakia,sk,1,Yes,Categorize existing one,,To do,
en:curry-powders,United Kingdom,en:united-kingdom,uk,1,Yes,Categorize existing one,5010204914275,To do,
en:curry-powders,France,en:france,fr,1,Yes,Categorize existing one,3166296552337,To do,
en:curry-powders,Ireland,en:ireland,ie,1,Yes,Categorize existing one,4088600050713,To do,
en:curry-powders,Denmark,en:denmark,dk,1,Yes,Categorize existing one,,To do,
en:mixtures-of-herbs-and-spices,Ireland,en:ireland,ie,1,Yes,Categorize existing one,5099874307204,To do,
en:mixtures-of-herbs-and-spices,United Kingdom,en:united-kingdom,uk,1,Yes,Categorize existing one,6006507005009,To do,
en:mixtures-of-herbs-and-spices,Austria,en:austria,at,1,Yes,Categorize existing one,,To do,
en:mixtures-of-herbs-and-spices,Czech Republic,en:czech-republic,cs,1,Yes,Categorize existing one,,To do,
en:mixtures-of-herbs-and-spices,Montenegro,en:montenegro,me,1,Yes,Categorize existing one,,To do,
en:mixtures-of-herbs-and-spices,Serbia,en:serbia,rs,1,Yes,Categorize existing one,,To do,
en:mixtures-of-herbs-and-spices,Slovakia,en:slovakia,sk,1,Yes,Categorize existing one,,To do,
en:mixtures-of-herbs-and-spices,Slovenia,en:slovenia,sv,1,Yes,Categorize existing one,,To do,
en:mixtures-of-herbs-and-spices,Netherlands,en:netherlands,nl,1,Yes,Categorize existing one,8712200544247,To do,
en:herbs-and-spices,Netherlands,en:netherlands,nl,1,Yes,Categorize existing one,8710395946341,To do,
en:mixed-herbs,Netherlands,en:netherlands,nl,1,Yes,Categorize existing one,8717600197208,To do,
en:peppers,France,en:france,fr,1,Yes,Categorize existing one,3166296550432,To do,
en:pink-peppers,France,en:france,fr,1,Yes,Categorize existing one,3162050049020,To do,
en:spice-mix,Lithuania,en:lithuania,lt,1,Yes,Categorize existing one,4740018170017,To do,
en:spice-mix,Latvia,en:latvia,lv,1,Yes,Categorize existing one,,To do,
en:potato-flakes,Sweden,en:sweden,sv,1,Maybe,Categorize existing one,,To do,
en:instant-mashed-potatoes,Switzerland,en:switzerland,ch,1,Maybe,Categorize existing one,7611100053860,To do,
en:potato-preparations,Switzerland,en:switzerland,ch,1,Maybe,Categorize existing one,7611100053860,To do,
en:mashed-potatoes,Switzerland,en:switzerland,ch,1,Maybe,Categorize existing one,7611100053860,To do,
en:dehydrated-potato-flakes-with-milk,Switzerland,en:switzerland,ch,1,Maybe,Categorize existing one,,To do,
en:pure-mashed-potatoes,Switzerland,en:switzerland,ch,1,Maybe,Categorize existing one,,To do,
en:mashed-sweet-potatoes,Switzerland,en:switzerland,ch,1,Maybe,Categorize existing one,,To do,
en:potato-puree-made-from-flakes-reconstituted-with-whole-milk-with-added-fat,Switzerland,en:switzerland,ch,1,Maybe,Categorize existing one,,To do,
en:unsalted-potato-puree-made-from-flakes-reconstituted-with-semi-skimmed-milk-and-water,Switzerland,en:switzerland,ch,1,Maybe,Categorize existing one,,To do,
en:unsalted-potato-puree-with-milk-and-butter,Switzerland,en:switzerland,ch,1,Maybe,Categorize existing one,,To do,
en:frozen-mashed-potatoes,Switzerland,en:switzerland,ch,1,Maybe,Categorize existing one,,To do,
en:dark-chocolates,Spain,en:spain,es,1,Yes,Categorize existing one,8480000607225,To do,
en:dark-chocolates,Denmark,en:denmark,dk,1,Yes,Categorize existing one,3046920028004,To do,
en:dark-chocolates,France,en:france,fr,1,Yes,Categorize existing one,3046920022651,To do,
en:dark-chocolates-with-sweeteners,Italy,en:italy,it,1,Yes,Categorize existing one,80135944,To do,
en:candies,Sweden,en:sweden,sv,1,Yes,Categorize existing one,7350054797405,To do,
en:caramels,Denmark,en:denmark,dk,1,Yes,Categorize existing one,8713800132131,To do,
en:chewing-gum,Finland,en:finland,fi,1,Yes,Categorize existing one,6420256012680,To do,
en:chewing-gum,Sweden,en:sweden,sv,1,Yes,Categorize existing one,4009900484220,To do,
en:chewing-gum,Croatia,en:croatia,hr,1,Yes,Categorize existing one,4009900484190,To do,
en:chewing-gum,France,en:france,fr,1,Yes,Categorize existing one,80935490,To do,
en:chewing-gum,Italy,en:italy,it,1,Yes,Categorize existing one,80818793,To do,
en:chewing-gum,Serbia,en:serbia,rs,1,Yes,Categorize existing one,42211631,To do,
en:chewing-gum,Denmark,en:denmark,dk,1,Yes,Categorize existing one,5705830012920,To do,
en:chocolates,Slovakia,en:slovakia,sk,1,Yes,Categorize existing one,20995553,To do,
en:chocolates,Czech Republic,en:czech-republic,cs,1,Yes,Categorize existing one,3046920024105,To do,
en:chocolates,Lithuania,en:lithuania,lt,1,Yes,Categorize existing one,3046920028363,To do,
en:chocolates,Latvia,en:latvia,lv,1,Yes,Categorize existing one,3173281446595,To do,
en:bonbons,Czech Republic,en:czech-republic,cs,1,Yes,Categorize existing one,8000500023976,To do,
en:bonbons,Lithuania,en:lithuania,lt,1,Yes,Categorize existing one,8000500023976,To do,
en:bonbons,Slovakia,en:slovakia,sk,1,Yes,Categorize existing one,8000500023976,To do,
en:bonbons,Germany,en:germany,de,1,Yes,Categorize existing one,4008400163826,To do,
en:bonbons,Austria,en:austria,at,1,Yes,Categorize existing one,4014400901191,To do,
en:bonbons,Ireland,en:ireland,ie,1,Yes,Categorize existing one,4056489834267,To do,
en:bonbons,Poland,en:poland,pl,1,Yes,Categorize existing one,5903189076314,To do,
en:bonbons,Latvia,en:latvia,lv,1,Yes,Categorize existing one,5900951247972,To do,
en:bonbons,United Kingdom,en:united-kingdom,uk,1,Yes,Categorize existing one,5022374051872,To do,
en:chocolate-spreads,Netherlands,en:netherlands,nl,1,Yes,Categorize existing one,8000500179864,To do,
en:chocolate-spreads,Luxembourg,en:luxembourg,lu,1,Yes,Categorize existing one,3608580121244,To do,
en:chocolate-spreads,Greece,en:greece,el,1,Yes,Categorize existing one,7622201126131,To do,
en:chocolate-spreads,Belgium,en:belgium,be,1,Yes,Categorize existing one,8000500082379,To do,
en:cocoa-and-its-products,Sweden,en:sweden,sv,1,Yes,Categorize existing one,7310350118342,To do,
en:cocoa-and-its-products,Norway,en:norway,no,1,Yes,Categorize existing one,7622400928727,To do,
en:cocoa-and-its-products,Netherlands,en:netherlands,nl,1,Yes,Categorize existing one,3046920028363,To do,
en:chocolate-cakes,Sweden,en:sweden,sv,1,Yes,Categorize existing one,5701920504320,To do,
en:chocolate-candies,Denmark,en:denmark,dk,1,Yes,Categorize existing one,5712876248671,To do,
en:white-chocolates,Romania,en:romania,ro,1,Yes,Categorize existing one,8000500359556,To do,
en:white-chocolates,Bulgaria,en:bulgaria,bg,1,Yes,Categorize existing one,4823077626364,To do,
en:white-chocolates,Slovenia,en:slovenia,sv,1,Yes,Categorize existing one,,To do,
en:filled-chocolates,Portugal,en:portugal,pt,1,Yes,Categorize existing one,7622300631574,To do,
en:filled-chocolates,Hungary,en:hungary,hu,1,Yes,Categorize existing one,7622300134532,To do,
en:marshmallows,Serbia,en:serbia,rs,1,Yes,Categorize existing one,,To do,
en:gummi-candies,Denmark,en:denmark,dk,1,Yes,Categorize existing one,5715569949305,To do,
en:gummi-candies,Croatia,en:croatia,hr,1,Yes,Categorize existing one,4001686376089,To do,
en:hard-candies,Italy,en:italy,it,1,Yes,Categorize existing one,80969990,To do,
en:hard-candies,Netherlands,en:netherlands,nl,1,Yes,Categorize existing one,4068428017761,To do,
en:hard-candies,Finland,en:finland,fi,1,Yes,Categorize existing one,6430022138056,To do,
en:hard-candies,Ireland,en:ireland,ie,1,Yes,Categorize existing one,5052320529698,To do,
en:hard-candies,Denmark,en:denmark,dk,1,Yes,Categorize existing one,5709385046041,To do,
en:gummi-candies,Ireland,en:ireland,ie,1,Yes,Categorize existing one,5012035969301,To do,
en:gummi-candies,Estonia,en:estonia,ee,1,Yes,Categorize existing one,4037400344782,To do,
en:gummi-candies,Germany,en:germany,de,1,Yes,Categorize existing one,4001686322840,To do,
en:gummi-candies,United Kingdom,en:united-kingdom,uk,1,Yes,Categorize existing one,5060384262918,To do,
en:liquorice-candies,Netherlands,en:netherlands,nl,1,Yes,Categorize existing one,4335619137509,To do,
en:liquorice-candies,Denmark,en:denmark,dk,1,Yes,Categorize existing one,6412500070188,To do,
en:marzipan,Denmark,en:denmark,dk,1,Yes,Categorize existing one,5709364673640,To do,
en:milk-chocolates,Finland,en:finland,fi,1,Yes,Categorize existing one,6411401015090,To do,
en:milk-chocolates,Spain,en:spain,es,1,Yes,Categorize existing one,7613035268388,To do,
en:milk-chocolates,Portugal,en:portugal,pt,1,Yes,Categorize existing one,7622300631574,To do,
en:milk-chocolates,Austria,en:austria,at,1,Yes,Categorize existing one,3046920028370,To do,
en:milk-chocolates,Malta,en:malta,mt,1,Yes,Categorize existing one,5034660521877,To do,
en:milk-chocolates,Montenegro,en:montenegro,me,1,Yes,Categorize existing one,7622201105747,To do,
en:milk-chocolates,Ireland,en:ireland,ie,1,Yes,Categorize existing one,7622210580092,To do,
en:milk-chocolates,Lithuania,en:lithuania,lt,1,Yes,Categorize existing one,1230000168045,To do,
en:milk-chocolates,Serbia,en:serbia,rs,1,Yes,Categorize existing one,8600939313701,To do,
en:milk-chocolates,Croatia,en:croatia,hr,1,Yes,Categorize existing one,7622210702562,To do,
en:milk-chocolates,Latvia,en:latvia,lv,1,Yes,Categorize existing one,4000607854606,To do,
en:milk-chocolates,France,en:france,fr,1,Yes,Categorize existing one,3045140105502,To do,
en:milk-chocolates,Greece,en:greece,el,1,Yes,Categorize existing one,5201127013101,To do,
en:milk-chocolates,Denmark,en:denmark,dk,1,Yes,Categorize existing one,4000417700001,To do,
en:milk-chocolates,Sweden,en:sweden,sv,1,Yes,Categorize existing one,7622201727543,To do,
en:milk-chocolates,United Kingdom,en:united-kingdom,uk,1,Yes,Categorize existing one,5059697710001,To do,
en:milk-chocolates,Cyprus,en:cyprus,cy,1,Yes,Categorize existing one,,To do,
en:french-pralines,Estonia,en:estonia,ee,1,Yes,Categorize existing one,,To do,
en:jelly-desserts,Portugal,en:portugal,pt,1,Yes,Categorize existing one,8402001025365,To do,
en:canned-mushrooms,Denmark,en:denmark,dk,1,Yes,Categorize existing one,20004101,To do,
en:canned-carrots,France,en:france,fr,1,Yes,Categorize existing one,3022820420612,To do,
en:canned-carrots,Netherlands,en:netherlands,nl,1,Yes,Categorize existing one,8718452262472,To do,
en:canned-belgian-endives,France,en:france,fr,1,Yes,Categorize existing one,3017800008478,To do,
en:endives,France,en:france,fr,1,Yes,Categorize existing one,3270190021858,To do,
en:pickles,Belgium,en:belgium,be,1,Yes,Categorize existing one,5400141352962,To do,
en:pickled-cucumbers,Belgium,en:belgium,be,1,Yes,Categorize existing one,4012200401149,To do,
en:pickled-gherkins,Belgium,en:belgium,be,1,Yes,Categorize existing one,8712566246496,To do,
en:pickled-gherkins,Belgium,en:belgium,be,1,Yes,Categorize existing one,8712566246496,To do,
en:pickled-cucumbers,Luxembourg,en:luxembourg,lu,1,Yes,Categorize existing one,40081410,To do,
en:pickles,Luxembourg,en:luxembourg,lu,1,Yes,Categorize existing one,40081410,To do,
en:pickled-gherkins,Luxembourg,en:luxembourg,lu,1,Yes,Categorize existing one,40081410,To do,
en:pickled-gherkins,Luxembourg,en:luxembourg,lu,1,Yes,Categorize existing one,40081410,To do,
en:canned-palm-hearts,France,en:france,fr,1,Yes,Categorize existing one,3254474018635,To do,
en:canned-tomatoes,Hungary,en:hungary,hu,1,Yes,Categorize existing one,20198107,To do,
en:canned-peppers,Hungary,en:hungary,hu,1,Yes,Categorize existing one,5997010306527,To do,
en:stuffed-tomatoes,Hungary,en:hungary,hu,1,Yes,Categorize existing one,,To do,
en:canned-tomato-purees,Hungary,en:hungary,hu,1,Yes,Categorize existing one,,To do,
en:tomato-jams,Hungary,en:hungary,hu,1,Yes,Categorize existing one,,To do,
en:tomato-chutneys,Hungary,en:hungary,hu,1,Yes,Categorize existing one,,To do,
en:sweet-pepper-chutneys,Hungary,en:hungary,hu,1,Yes,Categorize existing one,,To do,
en:cooked-peppers,Hungary,en:hungary,hu,1,Yes,Categorize existing one,,To do,
en:cooked-sweet-peppers,Hungary,en:hungary,hu,1,Yes,Categorize existing one,,To do,
en:sweet-pepper-jams,Hungary,en:hungary,hu,1,Yes,Categorize existing one,,To do,
en:tomato-sauces-with-mushrooms,France,en:france,fr,1,Yes,Categorize existing one,3038354190303,To do,
en:canned-tomato-purees,France,en:france,fr,1,Yes,Categorize existing one,8005110630408,To do,
en:tomato-sauces-with-cheese,France,en:france,fr,1,Yes,Categorize existing one,8076809521543,To do,
en:tomato-sauces-with-ricotta,France,en:france,fr,1,Yes,Categorize existing one,8076809521543,To do,
en:fried-tomato-sauces,France,en:france,fr,1,Yes,Categorize existing one,3596710447350,To do,
en:tomato-sauces-with-olives,France,en:france,fr,1,Yes,Categorize existing one,8076809513715,To do,
en:tomato-sauces-with-parmesan-cheese,France,en:france,fr,1,Yes,Categorize existing one,20431471,To do,
en:tomato-sauces-with-basil,France,en:france,fr,1,Yes,Categorize existing one,8076809513722,To do,
en:tomato-sauces-for-pizzas,France,en:france,fr,1,Yes,Categorize existing one,8033100272314,To do,
en:tomato-sauces-with-vegetables,France,en:france,fr,1,Yes,Categorize existing one,3038359004544,To do,
en:pimented-tomato-sauces,France,en:france,fr,1,Yes,Categorize existing one,8410076470553,To do,
en:tomato-sauces,France,en:france,fr,1,Yes,Categorize existing one,8715700407760,To do,
en:canned-vegetables,Denmark,en:denmark,dk,1,Yes,Categorize existing one,5705830006257,To do,
en:canned-vegetables,Denmark,en:denmark,dk,1,Yes,Categorize existing one,5705830006257,To do,
en:canned-vegetables,Austria,en:austria,at,1,Yes,Categorize existing one,4061464847231,To do,
en:canned-vegetables,Austria,en:austria,at,1,Yes,Categorize existing one,4061464847231,To do,
en:dried-vegetables,Montenegro,en:montenegro,me,1,Yes,Categorize existing one,,To do,
en:dried-vegetables,Serbia,en:serbia,rs,1,Yes,Categorize existing one,,To do,
en:pickled-gherkins,Sweden,en:sweden,sv,1,Yes,Categorize existing one,7310240050820,To do,
en:pickled-cucumbers,Sweden,en:sweden,sv,1,Yes,Categorize existing one,7318690003366,To do,
en:pickled-vegetables,Sweden,en:sweden,sv,1,Yes,Categorize existing one,7318690003366,To do,
en:plant-based-pickles,Latvia,en:latvia,lv,1,Yes,Categorize existing one,4750239578721,To do,
en:pickles,Latvia,en:latvia,lv,1,Yes,Categorize existing one,4750239578721,To do,
en:pickled-gherkins,Latvia,en:latvia,lv,1,Yes,Categorize existing one,4750239578721,To do,
en:pickled-cucumbers,Latvia,en:latvia,lv,1,Yes,Categorize existing one,4750239578721,To do,
en:pickled-vegetables,Latvia,en:latvia,lv,1,Yes,Categorize existing one,4750239578721,To do,
en:plant-based-pickles,Sweden,en:sweden,sv,1,Yes,Categorize existing one,7310240150131,To do,
en:pickles,Sweden,en:sweden,sv,1,Yes,Categorize existing one,7310240150131,To do,
en:pickled-gherkins,Slovakia,en:slovakia,sk,1,Yes,Categorize existing one,4337185733147,To do,
en:pickled-gherkins,Slovenia,en:slovenia,sv,1,Yes,Categorize existing one,4061464847347,To do,
en:pickled-gherkins,Finland,en:finland,fi,1,Yes,Categorize existing one,6410405138439,To do,
en:pickled-gherkins,Hungary,en:hungary,hu,1,Yes,Categorize existing one,20186289,To do,
en:pickled-gherkins,Czech Republic,en:czech-republic,cs,1,Yes,Categorize existing one,20004330,To do,
en:pickled-gherkins,Croatia,en:croatia,hr,1,Yes,Categorize existing one,3850104093012,To do,
en:pickled-gherkins,Netherlands,en:netherlands,nl,1,Yes,Categorize existing one,8718452407606,To do,
en:pickled-gherkins,Romania,en:romania,ro,1,Yes,Categorize existing one,4063367343155,To do,
en:pickled-gherkins,Germany,en:germany,de,1,Yes,Categorize existing one,40804651,To do,
en:pickled-gherkins,Estonia,en:estonia,ee,1,Yes,Categorize existing one,,To do,
en:pickled-gherkins,Montenegro,en:montenegro,me,1,Yes,Categorize existing one,,To do,
en:pickled-vegetables,Denmark,en:denmark,dk,1,Yes,Categorize existing one,5701018003544,To do,
en:pickled-vegetables,Serbia,en:serbia,rs,1,Yes,Categorize existing one,8600103954853,To do,
en:pickled-vegetables,Bulgaria,en:bulgaria,bg,1,Yes,Categorize existing one,20484804,To do,
en:pickled-vegetables,Switzerland,en:switzerland,ch,1,Yes,Categorize existing one,7613269303114,To do,
en:double-concentrate-tomato-paste,Austria,en:austria,at,1,Yes,Categorize existing one,4104420180918,To do,
en:double-concentrate-tomato-paste,Poland,en:poland,pl,1,Yes,Categorize existing one,,To do,
en:canned-tomatoes,Luxembourg,en:luxembourg,lu,1,Yes,Categorize existing one,3760324840191,To do,
en:canned-tomatoes,Portugal,en:portugal,pt,1,Yes,Categorize existing one,8480000160225,To do,
en:canned-tomatoes,Italy,en:italy,it,1,Yes,Categorize existing one,8005110172106,To do,
en:canned-tomatoes,Belgium,en:belgium,be,1,Yes,Categorize existing one,8001240061914,To do,
en:canned-tomatoes,France,en:france,fr,1,Yes,Categorize existing one,3478822005249,To do,
en:canned-tomatoes,Sweden,en:sweden,sv,1,Yes,Categorize existing one,7311043007486,To do,
en:canned-tomatoes,Malta,en:malta,mt,1,Yes,Categorize existing one,,To do,
en:canned-vegetables,Norway,en:norway,no,1,Yes,Categorize existing one,7032069718131,To do,
en:plant-based-foods,Norway,en:norway,no,1,Yes,Categorize existing one,7036110008844,To do,
en:tomatoes-and-their-products,Spain,en:spain,es,1,Yes,Categorize existing one,8480000171511,To do,
en:sauerkrauts,Slovakia,en:slovakia,sk,1,Yes,Categorize existing one,9001538144052,To do,
en:sauerkrauts,Latvia,en:latvia,lv,1,Yes,Categorize existing one,4751001621034,To do,
en:sauerkrauts,Czech Republic,en:czech-republic,cs,1,Yes,Categorize existing one,9001495400055,To do,
en:sauerkrauts,Poland,en:poland,pl,1,Yes,Categorize existing one,5907751159146,To do,
en:sauerkrauts,Hungary,en:hungary,hu,1,Yes,Categorize existing one,4061461606886,To do,
en:sauerkrauts,Estonia,en:estonia,ee,1,Yes,Categorize existing one,,To do,
en:sauerkrauts,Lithuania,en:lithuania,lt,1,Yes,Categorize existing one,,To do,
en:sauerkrauts,Montenegro,en:montenegro,me,1,Yes,Categorize existing one,,To do,
en:sauerkrauts,Romania,en:romania,ro,1,Yes,Categorize existing one,,To do,
en:sauerkrauts,Serbia,en:serbia,rs,1,Yes,Categorize existing one,,To do,
en:sauerkrauts,Slovenia,en:slovenia,sv,1,Yes,Categorize existing one,,To do,
en:canned-sweet-corn,Estonia,en:estonia,ee,1,Yes,Categorize existing one,3083680025881,To do,
en:canned-sweet-corn,France,en:france,fr,1,Yes,Categorize existing one,3083680025881,To do,
en:canned-sweet-corn,Sweden,en:sweden,sv,1,Yes,Categorize existing one,7318690096085,To do,
en:canned-sweet-corn,United Kingdom,en:united-kingdom,uk,1,Yes,Categorize existing one,5010046001003,To do,
en:canned-sweet-corn,Denmark,en:denmark,dk,1,Yes,Categorize existing one,3083681127621,To do,
en:canned-sweet-corn,Spain,en:spain,es,1,Yes,Categorize existing one,8480000167149,To do,
en:canned-sweet-corn,Ireland,en:ireland,ie,1,Yes,Categorize existing one,29061334,To do,
en:tomato-pastes,Netherlands,en:netherlands,nl,1,Yes,Categorize existing one,8712153027125,To do,
en:tomato-pastes,Belgium,en:belgium,be,1,Yes,Categorize existing one,8005110005404,To do,
en:tomato-pastes,Slovenia,en:slovenia,sv,1,Yes,Categorize existing one,3838900967966,To do,
en:tomato-pastes,Malta,en:malta,mt,1,Yes,Categorize existing one,5352001002497,To do,
en:tomato-pastes,Romania,en:romania,ro,1,Yes,Categorize existing one,5941484001549,To do,
en:tomato-pastes,Luxembourg,en:luxembourg,lu,1,Yes,Categorize existing one,3760324840733,To do,
en:tomato-pastes,Cyprus,en:cyprus,cy,1,Yes,Categorize existing one,,To do,
en:tomato-pastes,Latvia,en:latvia,lv,1,Yes,Categorize existing one,,To do,
en:canned-tomato-purees,Germany,en:germany,de,1,Yes,Categorize existing one,8005110630408,To do,
en:canned-tomato-purees,United Kingdom,en:united-kingdom,uk,1,Yes,Categorize existing one,8005110630408,To do,
en:canned-tomato-purees,Czech Republic,en:czech-republic,cs,1,Yes,Categorize existing one,4337256549646,To do,
en:canned-tomato-purees,Croatia,en:croatia,hr,1,Yes,Categorize existing one,,To do,
en:canned-tomato-purees,Denmark,en:denmark,dk,1,Yes,Categorize existing one,,To do,
en:canned-tomato-purees,Estonia,en:estonia,ee,1,Yes,Categorize existing one,,To do,
en:canned-tomato-purees,Finland,en:finland,fi,1,Yes,Categorize existing one,,To do,
en:canned-tomato-purees,Hungary,en:hungary,hu,1,Yes,Categorize existing one,,To do,
en:canned-tomato-purees,Ireland,en:ireland,ie,1,Yes,Categorize existing one,,To do,
en:canned-tomato-purees,Montenegro,en:montenegro,me,1,Yes,Categorize existing one,,To do,
en:canned-tomato-purees,Portugal,en:portugal,pt,1,Yes,Categorize existing one,,To do,
en:canned-tomato-purees,Serbia,en:serbia,rs,1,Yes,Categorize existing one,,To do,
en:canned-tomato-purees,Slovakia,en:slovakia,sk,1,Yes,Categorize existing one,,To do,
en:canned-tomato-purees,Slovenia,en:slovenia,sv,1,Yes,Categorize existing one,,To do,
en:canned-tomato-purees,Sweden,en:sweden,sv,1,Yes,Categorize existing one,,To do,
en:plant-based-foods,Norway,en:norway,no,1,Maybe,Categorize existing one,7036110008844,To do,
en:flavoured-syrups,Denmark,en:denmark,dk,1,Maybe,Categorize existing one,5711657055057,To do,
en:flavoured-syrups,Ireland,en:ireland,ie,1,Maybe,Categorize existing one,9100000115122,To do,
en:flavoured-syrups,Netherlands,en:netherlands,nl,1,Maybe,Categorize existing one,8715700122465,To do,
en:flavoured-syrups,Slovakia,en:slovakia,sk,1,Maybe,Categorize existing one,3217690054573,To do,
en:flavoured-syrups,Czech Republic,en:czech-republic,cs,1,Maybe,Categorize existing one,8594057636340,To do,
en:flavored-waters,Hungary,en:hungary,hu,1,Yes,Categorize existing one,5997264105143,To do,
en:flavored-waters,France,en:france,fr,1,Yes,Categorize existing one,3057640508813,To do,
en:flavored-waters,Austria,en:austria,at,1,Yes,Categorize existing one,9005199885941,To do,
en:flavored-waters,Estonia,en:estonia,ee,1,Yes,Categorize existing one,4770349231477,To do,
en:flavored-waters,United Kingdom,en:united-kingdom,uk,1,Yes,Categorize existing one,5060489730046,To do,
en:mineral-waters,Finland,en:finland,fi,1,Yes,Categorize existing one,6413600002697,To do,
en:colas,Netherlands,en:netherlands,nl,1,Yes,Categorize existing one,5000112658873,To do,
en:colas,Sweden,en:sweden,sv,1,Yes,Categorize existing one,7310070005250,To do,
en:colas,France,en:france,fr,1,Yes,Categorize existing one,5449000214799,To do,
en:colas,Greece,en:greece,el,1,Yes,Categorize existing one,5449000214799,To do,
en:colas,Serbia,en:serbia,rs,1,Yes,Categorize existing one,5449000214799,To do,
en:colas,Spain,en:spain,es,1,Yes,Categorize existing one,5449000131805,To do,
en:colas,Belgium,en:belgium,be,1,Yes,Categorize existing one,5000112638745,To do,
en:colas,Luxembourg,en:luxembourg,lu,1,Yes,Categorize existing one,5000112638745,To do,
en:colas,Finland,en:finland,fi,1,Yes,Categorize existing one,6413600015147,To do,
en:colas,Denmark,en:denmark,dk,1,Yes,Categorize existing one,5741000119020,To do,
en:colas,United Kingdom,en:united-kingdom,uk,1,Yes,Categorize existing one,5449000000996,To do,
en:colas,Hungary,en:hungary,hu,1,Yes,Categorize existing one,59969242,To do,
en:colas,Germany,en:germany,de,1,Yes,Categorize existing one,5000112546415,To do,
en:colas,Austria,en:austria,at,1,Yes,Categorize existing one,54026933,To do,
en:colas,Italy,en:italy,it,1,Yes,Categorize existing one,5000112557664,To do,
en:colas,Romania,en:romania,ro,1,Yes,Categorize existing one,59492573,To do,
en:colas,Slovenia,en:slovenia,sv,1,Yes,Categorize existing one,54491472,To do,
en:colas,Portugal,en:portugal,pt,1,Yes,Categorize existing one,5000112519945,To do,
en:colas,Bulgaria,en:bulgaria,bg,1,Yes,Categorize existing one,5449000000286,To do,
en:colas,Croatia,en:croatia,hr,1,Yes,Categorize existing one,5449000000286,To do,
en:colas,Estonia,en:estonia,ee,1,Yes,Categorize existing one,5449000131836,To do,
en:colas,Ireland,en:ireland,ie,1,Yes,Categorize existing one,5000112633320,To do,
en:colas,Poland,en:poland,pl,1,Yes,Categorize existing one,5000112651355,To do,
en:colas,Montenegro,en:montenegro,me,1,Yes,Categorize existing one,,To do,
en:colas,United Kingdom,en:united-kingdom,uk,1,Yes,Categorize existing one,5449000000996,To do,
en:colas,Germany,en:germany,de,1,Yes,Categorize existing one,5000112546415,To do,
en:colas,Cyprus,en:cyprus,cy,1,Yes,Categorize existing one,5449000214799,To do,
en:colas,Czech Republic,en:czech-republic,cs,1,Yes,Categorize existing one,8594003849602,To do,
en:colas,Slovakia,en:slovakia,sk,1,Yes,Categorize existing one,8586019830415,To do,
en:colas,Lithuania,en:lithuania,lt,1,Yes,Categorize existing one,5449000000996,To do,
en:colas,Malta,en:malta,mt,1,Yes,Categorize existing one,5352201084118,To do,
en:colas,Latvia,en:latvia,lv,1,Yes,Categorize existing one,5000112651300,To do,
en:diet-cola-soft-drink,Netherlands,en:netherlands,nl,1,Yes,Categorize existing one,5000112658873,To do,
en:diet-cola-soft-drink,Sweden,en:sweden,sv,1,Yes,Categorize existing one,7310070005250,To do,
en:diet-cola-soft-drink,Belgium,en:belgium,be,1,Yes,Categorize existing one,5000112638745,To do,
en:diet-cola-soft-drink,Luxembourg,en:luxembourg,lu,1,Yes,Categorize existing one,5000112638745,To do,
en:diet-cola-soft-drink,United Kingdom,en:united-kingdom,uk,1,Yes,Categorize existing one,5449000053879,To do,
en:diet-cola-soft-drink,Finland,en:finland,fi,1,Yes,Categorize existing one,6413600015147,To do,
en:diet-cola-soft-drink,Italy,en:italy,it,1,Yes,Categorize existing one,5000112556247,To do,
en:diet-cola-soft-drink,Austria,en:austria,at,1,Yes,Categorize existing one,5000112673463,To do,
en:diet-cola-soft-drink,Ireland,en:ireland,ie,1,Yes,Categorize existing one,5000112630671,To do,
en:diet-cola-soft-drink,Croatia,en:croatia,hr,1,Yes,Categorize existing one,5449000131836,To do,
en:diet-cola-soft-drink,Switzerland,en:switzerland,ch,1,Yes,Categorize existing one,5449000131836,To do,
en:diet-cola-soft-drink,Hungary,en:hungary,hu,1,Yes,Categorize existing one,5900497029728,To do,
en:diet-beverages,Netherlands,en:netherlands,nl,1,Yes,Categorize existing one,5000112658873,To do,
en:diet-beverages,Belgium,en:belgium,be,1,Yes,Categorize existing one,5000112638745,To do,
en:diet-beverages,Luxembourg,en:luxembourg,lu,1,Yes,Categorize existing one,5000112638745,To do,
en:diet-beverages,Portugal,en:portugal,pt,1,Yes,Categorize existing one,5000112519945,To do,
en:diet-beverages,Hungary,en:hungary,hu,1,Yes,Categorize existing one,5449000131836,To do,
en:diet-beverages,Switzerland,en:switzerland,ch,1,Yes,Categorize existing one,5449000131836,To do,
en:light-fruit-sodas,Netherlands,en:netherlands,nl,1,Yes,Categorize existing one,3124480002129,To do,
en:light-fruit-sodas,Switzerland,en:switzerland,ch,1,Yes,Categorize existing one,5449000014535,To do,
en:light-fruit-sodas,Finland,en:finland,fi,1,Yes,Categorize existing one,6413600283287,To do,
en:energy-drinks,Ireland,en:ireland,ie,1,Yes,Categorize existing one,5061013947565,To do,
en:energy-drinks,Malta,en:malta,mt,1,Yes,Categorize existing one,8053626291415,To do,
en:energy-drinks,Austria,en:austria,at,1,Yes,Categorize existing one,9002490100070,To do,
en:energy-drinks,Netherlands,en:netherlands,nl,1,Yes,Categorize existing one,90453533,To do,
en:energy-drinks,Belgium,en:belgium,be,1,Yes,Categorize existing one,90162909,To do,
en:energy-drinks,Luxembourg,en:luxembourg,lu,1,Yes,Categorize existing one,90162909,To do,
en:energy-drinks,Hungary,en:hungary,hu,1,Yes,Categorize existing one,5999571054442,To do,
en:energy-drinks,Cyprus,en:cyprus,cy,1,Yes,Categorize existing one,5060166697334,To do,
en:energy-drinks,Sweden,en:sweden,sv,1,Yes,Categorize existing one,5060335635716,To do,
en:energy-drinks,Finland,en:finland,fi,1,Yes,Categorize existing one,8711900019031,To do,
en:energy-drinks,United Kingdom,en:united-kingdom,uk,1,Yes,Categorize existing one,5060335635174,To do,
en:carbonated-fruit-soft-drink,Poland,en:poland,pl,1,Yes,Categorize existing one,5900334027573,To do,
en:carbonated-fruit-soft-drink,Netherlands,en:netherlands,nl,1,Yes,Categorize existing one,8718452876549,To do,
en:carbonated-fruit-soft-drink,Belgium,en:belgium,be,1,Yes,Categorize existing one,5000112638783,To do,
en:carbonated-fruit-soft-drink,Luxembourg,en:luxembourg,lu,1,Yes,Categorize existing one,5425032063420,To do,
en:carbonated-fruit-soft-drink,Croatia,en:croatia,hr,1,Yes,Categorize existing one,87126068,To do,
en:beverages-with-orange,Portugal,en:portugal,pt,1,Yes,Categorize existing one,4056489256823,To do,
en:beverages-with-orange,Belgium,en:belgium,be,1,Yes,Categorize existing one,8002270506802,To do,
en:beverages-with-orange,France,en:france,fr,1,Yes,Categorize existing one,8002270506802,To do,
en:beverages-with-orange,Hungary,en:hungary,hu,1,Yes,Categorize existing one,5449000147042,To do,
en:beverages-with-orange,Germany,en:germany,de,1,Yes,Categorize existing one,5000112547498,To do,
en:beverages-with-orange,Netherlands,en:netherlands,nl,1,Yes,Categorize existing one,5000112646115,To do,
en:beverages-with-orange,Luxembourg,en:luxembourg,lu,1,Yes,Categorize existing one,,To do,
en:beverages-with-orange,Slovenia,en:slovenia,sv,1,Yes,Categorize existing one,,To do,
en:energy-drinks,Montenegro,en:montenegro,me,1,Yes,Categorize existing one,8600037034119,To do,
en:energy-drinks,Serbia,en:serbia,rs,1,Yes,Categorize existing one,8600037034119,To do,
en:dietary-drink-for-sport,United Kingdom,en:united-kingdom,uk,1,Yes,Categorize existing one,5054267000681,To do,
en:dietary-drink-for-sport,Netherlands,en:netherlands,nl,1,Yes,Categorize existing one,3583787691113,To do,
en:dietary-drink-for-sport,Austria,en:austria,at,1,Yes,Categorize existing one,4011470995983,To do,
en:dietary-drink-for-sport,Sweden,en:sweden,sv,1,Yes,Categorize existing one,8001160001786,To do,
en:dietary-drink-for-sport,Finland,en:finland,fi,1,Yes,Categorize existing one,,To do,
en:still-soft-drink-with-tea-extract,France,en:france,fr,1,Yes,Categorize existing one,3168930170549,To do,
en:carbonated-soft-drinks-without-fruit-juice,United Kingdom,en:united-kingdom,uk,1,Yes,Categorize existing one,5000382122296,To do,
en:carbonated-soft-drinks-without-fruit-juice,Portugal,en:portugal,pt,1,Yes,Categorize existing one,8480000290731,To do,
en:carbonated-soft-drinks-without-fruit-juice,Czech Republic,en:czech-republic,cs,1,Yes,Categorize existing one,8480010870947,To do,
en:carbonated-soft-drinks-without-fruit-juice,Cyprus,en:cyprus,cy,1,Yes,Categorize existing one,5449000214911,To do,
en:carbonated-soft-drinks-without-fruit-juice,France,en:france,fr,1,Yes,Categorize existing one,5449000214911,To do,
en:carbonated-soft-drinks-without-fruit-juice,Belgium,en:belgium,be,1,Yes,Categorize existing one,5449000131843,To do,
en:carbonated-soft-drinks-without-fruit-juice,Spain,en:spain,es,1,Yes,Categorize existing one,5449000131843,To do,
en:carbonated-soft-drinks-without-fruit-juice,Malta,en:malta,mt,1,Yes,Categorize existing one,56953985,To do,
en:carbonated-soft-drinks-without-fruit-juice,Austria,en:austria,at,1,Yes,Categorize existing one,4260310555508,To do,
en:carbonated-soft-drinks-without-fruit-juice,Luxembourg,en:luxembourg,lu,1,Yes,Categorize existing one,4260310551104,To do,
en:carbonated-soft-drinks-without-fruit-juice,Estonia,en:estonia,ee,1,Yes,Categorize existing one,,To do,
en:carbonated-soft-drinks-without-fruit-juice,Finland,en:finland,fi,1,Yes,Categorize existing one,,To do,
en:carbonated-soft-drinks-without-fruit-juice,Latvia,en:latvia,lv,1,Yes,Categorize existing one,,To do,
en:carbonated-soft-drinks-without-fruit-juice,Lithuania,en:lithuania,lt,1,Yes,Categorize existing one,,To do,
en:carbonated-soft-drinks-without-fruit-juice,Slovakia,en:slovakia,sk,1,Yes,Categorize existing one,,To do,
en:lemon-soft-drinks,Luxembourg,en:luxembourg,lu,1,Yes,Categorize existing one,3124480002129,To do,
en:lemon-soft-drinks,Germany,en:germany,de,1,Yes,Categorize existing one,4066600208402,To do,
en:lemon-soft-drinks,Belgium,en:belgium,be,1,Yes,Categorize existing one,8002270936777,To do,
en:lemon-soft-drinks,Romania,en:romania,ro,1,Yes,Categorize existing one,5942204005083,To do,
en:lemon-soft-drinks,Ireland,en:ireland,ie,1,Yes,Categorize existing one,,To do,
en:still-fruit-soft-drinks,Netherlands,en:netherlands,nl,1,Yes,Categorize existing one,,To do,
en:orange-soft-drinks,Romania,en:romania,ro,1,Yes,Categorize existing one,5942321000169,To do,
en:orange-soft-drinks,Poland,en:poland,pl,1,Yes,Categorize existing one,5449000138170,To do,
en:orange-soft-drinks,Serbia,en:serbia,rs,1,Yes,Categorize existing one,8606003344336,To do,
en:orange-soft-drinks,Switzerland,en:switzerland,ch,1,Yes,Categorize existing one,40822938,To do,
en:orange-soft-drinks,Germany,en:germany,de,1,Yes,Categorize existing one,5000112514124,To do,
en:orange-soft-drinks,Ireland,en:ireland,ie,1,Yes,Categorize existing one,5449000155306,To do,
en:still-fruit-soft-drink-with-sugar-and-with-less-than-10-of-fruit-juice,Ireland,en:ireland,ie,1,Yes,Categorize existing one,5010102117860,To do,
en:still-fruit-soft-drink-with-sugar-and-with-less-than-10-of-fruit-juice,United Kingdom,en:united-kingdom,uk,1,Yes,Categorize existing one,5010102117860,To do,
en:still-fruit-soft-drink-with-sugar-and-with-less-than-10-of-fruit-juice,France,en:france,fr,1,Yes,Categorize existing one,4000177211311,To do,
en:still-fruit-soft-drink-with-sugar-and-with-less-than-10-of-fruit-juice,Sweden,en:sweden,sv,1,Yes,Categorize existing one,7310070000279,To do,
en:still-fruit-soft-drink-with-sugar-and-with-less-than-10-of-fruit-juice,Croatia,en:croatia,hr,1,Yes,Categorize existing one,,To do,
en:still-fruit-soft-drink-with-sugar-and-with-less-than-10-of-fruit-juice,Estonia,en:estonia,ee,1,Yes,Categorize existing one,,To do,
en:still-fruit-soft-drink-with-sugar-and-with-less-than-10-of-fruit-juice,Finland,en:finland,fi,1,Yes,Categorize existing one,,To do,
en:still-fruit-soft-drink-with-sugar-and-with-less-than-10-of-fruit-juice,Hungary,en:hungary,hu,1,Yes,Categorize existing one,,To do,
en:still-fruit-soft-drink-with-sugar-and-with-less-than-10-of-fruit-juice,Latvia,en:latvia,lv,1,Yes,Categorize existing one,,To do,
en:still-fruit-soft-drink-with-sugar-and-with-less-than-10-of-fruit-juice,Lithuania,en:lithuania,lt,1,Yes,Categorize existing one,,To do,
en:still-fruit-soft-drink-with-sugar-and-with-less-than-10-of-fruit-juice,Montenegro,en:montenegro,me,1,Yes,Categorize existing one,,To do,
en:still-fruit-soft-drink-with-sugar-and-with-less-than-10-of-fruit-juice,Netherlands,en:netherlands,nl,1,Yes,Categorize existing one,,To do,
en:still-fruit-soft-drink-with-sugar-and-with-less-than-10-of-fruit-juice,Portugal,en:portugal,pt,1,Yes,Categorize existing one,,To do,
en:still-fruit-soft-drink-with-sugar-and-with-less-than-10-of-fruit-juice,Serbia,en:serbia,rs,1,Yes,Categorize existing one,,To do,
en:still-soft-drinks,Austria,en:austria,at,1,Yes,Categorize existing one,,To do,
en:still-soft-drinks,Denmark,en:denmark,dk,1,Yes,Categorize existing one,,To do,
en:still-soft-drinks,Ireland,en:ireland,ie,1,Yes,Categorize existing one,,To do,
en:still-fruit-soft-drink-with-less-than-10-of-fruit-juice-without-sugar-and-with-artificial-sweeteners,Portugal,en:portugal,pt,1,Yes,Categorize existing one,8414100302742,To do,
en:still-fruit-soft-drink-with-less-than-10-of-fruit-juice-without-sugar-and-with-artificial-sweeteners,Austria,en:austria,at,1,Yes,Categorize existing one,,To do,
en:still-fruit-soft-drink-with-less-than-10-of-fruit-juice-without-sugar-and-with-artificial-sweeteners,Norway,en:norway,no,1,Yes,Categorize existing one,,To do,
en:still-fruit-soft-drink-with-less-than-10-of-fruit-juice-without-sugar-and-with-artificial-sweeteners,Sweden,en:sweden,sv,1,Yes,Categorize existing one,,To do,
en:uncooked-pressed-cheeses,Norway,en:norway,no,1,Maybe,Categorize existing one,8718627825303,To do,
en:hard-cheeses,Norway,en:norway,no,1,Maybe,Categorize existing one,8010721001509,To do,
en:semi-cured-cheese,Norway,en:norway,no,1,Maybe,Categorize existing one,,To do,
en:fruit-pastes,Switzerland,en:switzerland,ch,1,Yes,Categorize existing one,3609200001847,To do,
en:fruit-confectioneries,Switzerland,en:switzerland,ch,1,Yes,Categorize existing one,4008400102528,To do,
en:fruit-and-vegetable-preserves,Switzerland,en:switzerland,ch,1,Yes,Categorize existing one,7613312406618,To do,
en:fruit-confectioneries,Norway,en:norway,no,1,Yes,Categorize existing one,7032069105528,To do,
en:fruit-and-vegetable-preserves,Norway,en:norway,no,1,Yes,Categorize existing one,7070841001767,To do,
en:fruits-based-foods,Norway,en:norway,no,1,Yes,Categorize existing one,7090046311683,To do,
en:dried-fruits,Norway,en:norway,no,1,Yes,Categorize existing one,7090046311683,To do,
en:fruit-chutneys,Switzerland,en:switzerland,ch,1,Yes,Categorize existing one,5708209000917,To do,
en:candied-fruits,Switzerland,en:switzerland,ch,1,Yes,Categorize existing one,76102110,To do,
en:fruit-chutneys,Norway,en:norway,no,1,Yes,Categorize existing one,7311310034061,To do,
en:fruits-coulis,Switzerland,en:switzerland,ch,1,Yes,Categorize existing one,3496640002011,To do,
en:fruits-based-foods,Switzerland,en:switzerland,ch,1,Yes,Categorize existing one,7613312143490,To do,
en:dried-fruits,Switzerland,en:switzerland,ch,1,Yes,Categorize existing one,7613312143490,To do,
en:frozen-fruits,Switzerland,en:switzerland,ch,1,Yes,Categorize existing one,4104420139428,To do,
en:frozen-fruits,Norway,en:norway,no,1,Yes,Categorize existing one,7032069718711,To do,
en:fruit-pastes,Norway,en:norway,no,1,Yes,Categorize existing one,,To do,
en:candied-fruits,Norway,en:norway,no,1,Yes,Categorize existing one,,To do,
en:pickled-fruits,Norway,en:norway,no,1,Yes,Categorize existing one,,To do,
en:fruit-sauces,Norway,en:norway,no,1,Yes,Categorize existing one,,To do,
en:fruits-coulis,Norway,en:norway,no,1,Yes,Categorize existing one,,To do,
en:pickled-fruits,Switzerland,en:switzerland,ch,1,Yes,Categorize existing one,,To do,
en:fruit-sauces,Switzerland,en:switzerland,ch,1,Yes,Categorize existing one,,To do,
en:dried-vegetables,Norway,en:norway,no,1,Yes,Categorize existing one,7032069755419,To do,
en:vegetables-based-foods,Norway,en:norway,no,1,Yes,Categorize existing one,7041710920007,To do,
en:frozen-mixed-vegetables,Norway,en:norway,no,1,Yes,Categorize existing one,7032069718452,To do,
en:frozen-vegetables,Norway,en:norway,no,1,Yes,Categorize existing one,7035620024153,To do,
en:vegetable-soups,Norway,en:norway,no,1,Yes,Categorize existing one,7037610221443,To do,
en:prepared-vegetables,Norway,en:norway,no,1,Yes,Categorize existing one,7039010012980,To do,
en:freeze-dried-vegetables,Norway,en:norway,no,1,Yes,Categorize existing one,,To do,
en:dried-vegetables,Norway,en:norway,no,1,Maybe,Categorize existing one,7032069755419,To do,
en:vegetables-based-foods,Norway,en:norway,no,1,Maybe,Categorize existing one,7041710920007,To do,
en:canned-vegetables,Norway,en:norway,no,1,Maybe,Categorize existing one,7032069718131,To do,
en:frozen-vegetables,Norway,en:norway,no,1,Maybe,Categorize existing one,7035620024153,To do,
en:prepared-vegetables,Norway,en:norway,no,1,Maybe,Categorize existing one,7039010012980,To do,
en:fresh-vegetables,Norway,en:norway,no,1,Maybe,Categorize existing one,7040515501572,To do,